"Year","kms Driven","Fuel Type","Suspension","Price","Car Model"
"2019","19006 kms "," Petrol "," Automatic"," 9.29 Lakh","Honda City V CVT"
"2021","11936 kms "," Petrol "," Automatic"," 13.95 Lakh","Honda City ZX CVT"
"2018","29635 kms "," Petrol "," Automatic"," 9.95 Lakh","Honda City i-VTEC CVT ZX"
"2020","16163 kms "," Petrol "," Automatic"," 13.26 Lakh","Honda City ZX CVT"
"2015","105114 kms "," Petrol "," Manual"," 5.68 Lakh","Honda City i VTEC V"
"2015","101466 kms "," Diesel "," Manual"," 5.65 Lakh","Honda City i DTEC S"
"2016","52456 kms "," Diesel "," Manual"," 5.60 Lakh","Honda Jazz 1.5 SV i DTEC"
"2014","75247 kms "," Diesel "," Manual"," 6.50 Lakh","Honda City i DTEC VX"
"2017","88695 kms "," Petrol "," Manual"," 7.48 Lakh","Honda WR-V i-VTEC VX"
"2019","30906 kms "," Petrol "," Automatic"," 7.97 Lakh","Honda Amaze V CVT Petrol "
"2021","17152 kms "," Petrol "," Automatic"," 11.98 Lakh","Honda City ZX CVT"
"2017","32721 kms "," Petrol "," Automatic"," 10.14 Lakh","Honda City i-VTEC CVT ZX"
"2020","17934 kms "," Petrol "," Automatic"," 12.46 Lakh","Honda City ZX CVT"
"2016","63548 kms "," Petrol "," Manual"," 4.68 Lakh","Honda Jazz 1.2 V i VTEC"
"2018","28200 kms "," Petrol "," Automatic"," 9.20 Lakh","Honda City ZX CVT"
"2022","5500 kms "," Petrol "," Automatic"," 15.90 Lakh","Honda City ZX CVT"
"2021","1425 kms "," Petrol "," Manual"," 13.25 Lakh","Honda City VX MT"
"2015","38411 kms "," Petrol "," Manual"," 5.89 Lakh","Honda City i VTEC VX"
"2013","25025 kms "," Petrol "," Manual"," 4.15 Lakh","Honda Amaze S i-Vtech"
"2016","23199 kms "," Petrol "," Automatic"," 6.85 Lakh","Honda Jazz 1.2 V AT i VTE"
"2017","58011 kms "," Petrol "," Manual"," 7.28 Lakh","Honda City i VTEC V"
"2020","30405 kms "," Petrol "," Manual"," 6.50 Lakh","Honda Amaze S Petrol"
"2018","33826 kms "," Petrol "," Manual"," 6.48 Lakh","Honda WR-V i-VTEC VX"
"2017","89861 kms "," Diesel "," Manual"," 7.25 Lakh","Honda WR-V i-DTEC VX"
"2015","47091 kms "," Diesel "," Manual"," 3.98 Lakh","Honda Jazz 1.5 S i DTEC"
"2017","106401 kms "," Diesel "," Manual"," 5.25 Lakh","Honda WR-V i-DTEC VX"
"2018","149091 kms "," Diesel "," Manual"," 6.20 Lakh","Honda Amaze S i-DTEC"
"2015","92028 kms "," Petrol "," Manual"," 5.78 Lakh","Honda City i VTEC V"
"2014","94146 kms "," Diesel "," Manual"," 4.56 Lakh","Honda Amaze S i-Dtech"
"2014","98243 kms "," Diesel "," Manual"," 5.62 Lakh","Honda City i DTEC V"
"2014","80090 kms "," Petrol "," Manual"," 5.80 Lakh","Honda City i VTEC VX"
"2014","112306 kms "," Diesel "," Manual"," 5.20 Lakh","Honda City i DTEC S"
"2017","49568 kms "," Petrol "," Manual"," 6.50 Lakh","Honda City i VTEC V"
"2021","5670 kms "," Petrol "," Automatic"," 12.39 Lakh","Honda City VX CVT"
"2013","58176 kms "," Petrol "," Manual"," 2.60 Lakh","Honda Brio S MT"
"2012","85367 kms "," Petrol "," Manual"," 3.28 Lakh","Honda Brio S Option MT"
"2021","5282 kms "," Petrol "," Automatic"," 15.26 Lakh","Honda City ZX CVT"
"2018","30346 kms "," Petrol "," Manual"," 4.79 Lakh","Honda Brio 1.2 S MT"
"2019","68816 kms "," Diesel "," Automatic"," 7.95 Lakh","Honda Amaze V CVT Diesel "
"2017","89969 kms "," Petrol "," Manual"," 7.55 Lakh","Honda City i VTEC V"
"2015","74481 kms "," Petrol "," Manual"," 5.75 Lakh","Honda City i VTEC V"
"2016","72926 kms "," Petrol "," Manual"," 5.10 Lakh","Honda Jazz 1.2 VX i VTEC"
"2015","29597 kms "," Petrol "," Manual"," 3.72 Lakh","Honda Brio S MT"
"2015","133745 kms "," Petrol "," Automatic"," 4.40 Lakh","Honda Amaze VX AT i-Vtech"
"2010","57825 kms "," Petrol "," Manual"," 3.60 Lakh","Honda City V MT"
"2015","85949 kms "," Diesel "," Manual"," 5.05 Lakh","Honda Amaze VX i-DTEC"
"2013","104980 kms "," Petrol "," Manual"," 3.16 Lakh","Honda Brio S MT"
"2010","141081 kms "," Petrol "," Manual"," 3.48 Lakh","Honda City V MT"
"2020","20942 kms "," Petrol "," Manual"," 12.96 Lakh","Honda City ZX MT"
"2020","12265 kms "," Petrol "," Manual"," 12.57 Lakh","Honda City ZX MT"
"2014","93298 kms "," Petrol "," Manual"," 5.65 Lakh","Honda City i VTEC SV"
"2019","21582 kms "," Petrol "," Automatic"," 7.50 Lakh","Honda Amaze V CVT Petrol "
"2010","86258 kms "," Petrol "," Manual"," 3.35 Lakh","Honda City V MT"
"2017","26536 kms "," Petrol "," Manual"," 5.20 Lakh","Honda Brio 1.2 VX MT"
"2018","81126 kms "," Diesel "," Manual"," 5.78 Lakh","Honda Amaze E i-DTEC"
"2015","76547 kms "," Petrol "," Automatic"," 7.34 Lakh","Honda City i VTEC CVT VX"
"2015","76670 kms "," Diesel "," Manual"," 4.36 Lakh","Honda City i DTEC SV"
"2013","109350 kms "," Petrol "," Manual"," 3.65 Lakh","Honda Amaze VX i-Vtech"
"2016","59796 kms "," Petrol "," Manual"," 4.80 Lakh","Honda Amaze SX i VTEC"
"2015","81506 kms "," CNG "," Manual"," 4.21 Lakh","Honda Amaze S Plus i-VTEC"
"2015","71561 kms "," Petrol "," Manual"," 3.80 Lakh","Honda Amaze S i-Vtech"
"2014","57273 kms "," Petrol "," Manual"," 5.68 Lakh","Honda City i VTEC VX"
"2014","91123 kms "," Diesel "," Manual"," 4.35 Lakh","Honda City i DTEC VX"
"2015","64967 kms "," Petrol "," Manual"," 5.80 Lakh","Honda City i VTEC VX"
"2014","91828 kms "," Diesel "," Manual"," 2.88 Lakh","Honda Amaze S i-Dtech"
"2014","79324 kms "," Diesel "," Manual"," 2.99 Lakh","Honda Amaze S i-Dtech"
"2011","71025 kms "," Petrol "," Manual"," 2.95 Lakh","Honda City S"
"2010","25952 kms "," Petrol "," Automatic"," 2.99 Lakh","Honda City V AT"
"2016","22000 kms "," Petrol "," Manual"," 8 Lakh","Honda City i VTEC V"
"2014","131004 kms "," Diesel "," Manual"," 4.79 Lakh","Honda City i DTEC VX"
"2017","22500 kms "," Petrol "," Manual"," 8.75 Lakh","Honda City 1.5 V MT Exclu"
"2018","44000 kms "," Petrol "," Automatic"," 9.40 Lakh","Honda City i-VTEC CVT VX"
"2014","188878 kms "," Diesel "," Manual"," 4.50 Lakh","Honda City i DTEC SV"
"2014","139841 kms "," Diesel "," Manual"," 3.36 Lakh","Honda City i DTEC S"
"2012","70000 kms "," Petrol "," Manual"," 3.49 Lakh","Honda City VTEC"
"2016","68000 kms "," Petrol "," Automatic"," 5.65 Lakh","Honda Jazz V CVT"
"2008","80000 kms "," Petrol "," Automatic"," 2.50 Lakh","Honda City 1.5 V AT"
"2013","48647 kms "," Diesel "," Manual"," 3.20 Lakh","Honda Amaze S i-Dtech"
"2011","78474 kms "," Petrol "," Manual"," 2.40 Lakh","Honda City 1.5 S MT"
"2016","35025 kms "," Petrol "," Manual"," 7.50 Lakh","Honda City i VTEC VX"
"2010","72464 kms "," Petrol "," Manual"," 2.50 Lakh","Honda City 1.5 V MT"
"2014","74083 kms "," Petrol "," Manual"," 3.50 Lakh","Honda Amaze VX i-Vtech"
"2009","101867 kms "," Petrol "," Automatic"," 3.89 Lakh","Honda Accord 2.4 AT"
"2010","58000 kms "," Petrol "," Automatic"," 3.33 Lakh","Honda Accord 2.4 Elegance"
"2015","80000 kms "," Diesel "," Manual"," 4.49 Lakh","Honda Mobilio S i-DTEC"
"2009","183011 kms "," Petrol "," Manual"," 2 Lakh","Honda Civic 1.8 V MT"
"2010","68418 kms "," Petrol "," Manual"," 3.01 Lakh","Honda City 1.5 S MT"
"2011","39000 kms "," Petrol "," Automatic"," 4.45 Lakh","Honda Accord 2.4 AT"
"2013","57368 kms "," Petrol "," Manual"," 1.90 Lakh","Honda Brio S MT"
"2015","210532 kms "," Diesel "," Manual"," 4.50 Lakh","Honda Jazz 1.5 V i DTEC"
"2013","70000 kms "," Diesel "," Manual"," 3.50 Lakh","Honda Amaze E i-Dtech"
"2017","25025 kms "," Petrol "," Manual"," 5.65 Lakh","Honda Jazz 1.2 V i VTEC"
"2014","39529 kms "," Petrol "," Manual"," 7 Lakh","Honda City i VTEC V"
"2017","55000 kms "," Petrol "," Manual"," 5.60 Lakh","Honda Jazz V"
"2019","48000 kms "," Petrol "," Automatic"," 7.75 Lakh","Honda Amaze VX CVT i-VTEC"
"2022","4696 kms "," Petrol "," Manual"," 14.48 Lakh","Honda City ZX MT"
"2008","80000 kms "," Petrol "," Manual"," 2.25 Lakh","Honda CR-V RVi MT"
"2009","59000 kms "," Petrol "," Automatic"," 2.50 Lakh","Honda City 1.5 S AT"
"2017","29000 kms "," Petrol "," Automatic"," 8.85 Lakh","Honda BR-V i-VTEC V CVT"
"2018","56400 kms "," Petrol "," Automatic"," 8.95 Lakh","Honda City i-VTEC CVT VX"
"2019","38000 kms "," Petrol "," Manual"," 8.90 Lakh","Honda City i-VTEC SV"
"2009","67000 kms "," Petrol "," Manual"," 4 Lakh","Honda City 1.5 S MT"
"2008","120054 kms "," Petrol "," Automatic"," 1.96 Lakh","Honda Civic 1.8 V AT"
"2017","43417 kms "," Petrol "," Automatic"," 8.95 Lakh","Honda City i-VTEC CVT V"
"2016","51453 kms "," Petrol "," Manual"," 5.33 Lakh","Honda Jazz 1.2 VX i VTEC"
"2014","69900 kms "," Diesel "," Manual"," 4.25 Lakh","Honda Amaze VX i-DTEC"
"2018","35000 kms "," Petrol "," Automatic"," 8.91 Lakh","Honda City i-VTEC CVT V"
"2017","28383 kms "," Petrol "," Manual"," 7.99 Lakh","Honda WR-V i-VTEC VX"
"2015","77381 kms "," Petrol "," Manual"," 6 Lakh","Honda City i VTEC V"
"2016","57571 kms "," Petrol "," Manual"," 4.15 Lakh","Honda Amaze S i-VTEC"
"2018","2264 kms "," Petrol "," Manual"," 8 Lakh","Honda City i-VTEC V"
"2017","38500 kms "," Petrol "," Manual"," 8 Lakh","Honda Jazz V"
"2014","119799 kms "," Diesel "," Manual"," 3.67 Lakh","Honda City i DTEC S"
"2015","120000 kms "," Petrol "," Automatic"," 5.50 Lakh","Honda City i VTEC CVT VX"
"2021","16748 kms "," Petrol "," Manual"," 8.14 Lakh","Honda WR-V SV"
"2017","28340 kms "," Petrol "," Automatic"," 10.99 Lakh","Honda City i-VTEC CVT VX"
"2013","45487 kms "," Petrol "," Manual"," 3.33 Lakh","Honda Brio S MT"
"2022","15501 kms "," Petrol "," Manual"," 10.38 Lakh","Honda City V MT"
"2017","73003 kms "," Petrol "," Manual"," 7.75 Lakh","Honda City i-VTEC ZX"
"2017","35566 kms "," Petrol "," Manual"," 6.45 Lakh","Honda Jazz 1.2 VX i VTEC"
"2019","20121 kms "," Petrol "," Manual"," 6.14 Lakh","Honda Amaze S Petrol BSIV"
"2012","98000 kms "," Petrol "," Automatic"," 4 Lakh","Honda City V AT"
"2016","56945 kms "," Petrol "," Manual"," 3.70 Lakh","Honda Brio S MT"
"2019","33168 kms "," Petrol "," Manual"," 6.99 Lakh","Honda Amaze V Petrol BSIV"
"2011","100553 kms "," Petrol "," Automatic"," 3.55 Lakh","Honda City V AT"
"2009","81521 kms "," Petrol "," Manual"," 1.96 Lakh","Honda City 1.5 S MT"
"2015","109450 kms "," Petrol "," Manual"," 5 Lakh","Honda City i VTEC V"
"2016","31480 kms "," Petrol "," Automatic"," 6.99 Lakh","Honda Jazz 1.2 V AT i VTE"
"2013","65572 kms "," Petrol "," Manual"," 3.13 Lakh","Honda Brio EX MT"
"2015","28714 kms "," Petrol "," Manual"," 5.17 Lakh","Honda Jazz 1.2 V i VTEC"
"2018","40217 kms "," Petrol "," Manual"," 6.98 Lakh","Honda Amaze V Petrol BSIV"
"2010","73033 kms "," Petrol "," Manual"," 3.99 Lakh","Honda City 1.5 S MT"
"2014","96246 kms "," Petrol "," Manual"," 5.91 Lakh","Honda City i VTEC V"
"2018","50000 kms "," Diesel "," Manual"," 6.10 Lakh","Honda Amaze VX Diesel BSI"
"2013","55456 kms "," Petrol "," Manual"," 3.94 Lakh","Honda City V MT"
"2020","25114 kms "," Petrol "," Manual"," 9.45 Lakh","Honda City SV MT"
"2014","27961 kms "," Diesel "," Manual"," 4.22 Lakh","Honda Amaze S i-Dtech"
"2017","42644 kms "," Petrol "," Manual"," 4.36 Lakh","Honda Amaze S Petrol BSIV"
"2020","13307 kms "," Petrol "," Manual"," 6.79 Lakh","Honda Amaze VX Petrol"
"2013","36455 kms "," Petrol "," Manual"," 4.45 Lakh","Honda Amaze S i-Vtech"
"2017","65269 kms "," Petrol "," Automatic"," 6.90 Lakh","Honda Jazz 1.2 V AT i VTE"
"2017","25086 kms "," Petrol "," Manual"," 5.68 Lakh","Honda Amaze S Option i-VT"
"2014","59320 kms "," Petrol "," Manual"," 5.51 Lakh","Honda City i VTEC SV"
"2010","63000 kms "," Petrol "," Manual"," 2.40 Lakh","Honda Jazz Select Edition"
"2015","99398 kms "," Petrol "," Manual"," 3.46 Lakh","Honda Brio S MT"
"2009","63000 kms "," Petrol "," Manual"," 2.95 Lakh","Honda Accord 2.4 MT"
"2018","72578 kms "," Petrol "," Manual"," 6.14 Lakh","Honda Amaze S i-VTEC"
"2019","28000 kms "," Petrol "," Manual"," 8.65 Lakh","Honda WR-V i-VTEC VX"
"2017","62405 kms "," Petrol "," Manual"," 6.79 Lakh","Honda City i-VTEC SV"
"2017","75083 kms "," Petrol "," Automatic"," 8.80 Lakh","Honda City i-VTEC CVT ZX"
"2012","48312 kms "," Petrol "," Automatic"," 4.46 Lakh","Honda City V AT"
"2021","16000 kms "," Petrol "," Manual"," 11.90 Lakh","Honda City i-VTEC V"
"2012","68434 kms "," Petrol "," Manual"," 3.95 Lakh","Honda City i VTEC S"
"2015","65742 kms "," Petrol "," Manual"," 6.03 Lakh","Honda City i VTEC VX"
"2014","17815 kms "," Petrol "," Manual"," 4.50 Lakh","Honda Amaze E i-Vtech"
"2017","47000 kms "," Petrol "," Manual"," 7.95 Lakh","Honda City i VTEC V"
"2019","63121 kms "," Petrol "," Automatic"," 9.75 Lakh","Honda City V CVT"
"2012","71169 kms "," Petrol "," Manual"," 3.26 Lakh","Honda Brio S Option MT"
"2017","66964 kms "," Petrol "," Automatic"," 6.50 Lakh","Honda Jazz V CVT"
"2013","18511 kms "," Petrol "," Manual"," 3.44 Lakh","Honda Brio S MT"
"2016","40000 kms "," Diesel "," Manual"," 5.10 Lakh","Honda Amaze VX i-DTEC"
"2016","33397 kms "," Petrol "," Manual"," 3.59 Lakh","Honda Amaze S i-VTEC"
"2014","54955 kms "," Petrol "," Automatic"," 4.65 Lakh","Honda Amaze S AT i-Vtech"
"2018","32512 kms "," Petrol "," Manual"," 8.20 Lakh","Honda WR-V i-VTEC S"
"2015","56908 kms "," Petrol "," Manual"," 7.12 Lakh","Honda City i VTEC V"
"2018","42000 kms "," Petrol "," Manual"," 5 Lakh","Honda City i-VTEC SV"
"2018","67173 kms "," Petrol "," Manual"," 7.87 Lakh","Honda City i-VTEC V"
"2014","76400 kms "," Petrol "," Automatic"," 5.95 Lakh","Honda City i VTEC CVT VX"
"2014","90535 kms "," Petrol "," Manual"," 5.24 Lakh","Honda City i VTEC V"
"2017","33400 kms "," Petrol "," Automatic"," 8.95 Lakh","Honda City i VTEC CVT VX"
"2017","57509 kms "," Petrol "," Manual"," 7.23 Lakh","Honda BR-V i-VTEC V MT"
"2015","26107 kms "," Petrol "," Manual"," 5.02 Lakh","Honda Brio S MT"
"2019","85759 kms "," Petrol "," Automatic"," 11.57 Lakh","Honda City i-VTEC CVT ZX"
"2016","66731 kms "," Diesel "," Manual"," 5.71 Lakh","Honda City i DTec VX Opti"
"2015","52087 kms "," Petrol "," Manual"," 4.81 Lakh","Honda Jazz 1.2 SV i VTEC"
"2016","58000 kms "," Petrol "," Manual"," 6.25 Lakh","Honda City i VTEC V"
"2019","41000 kms "," Petrol "," Manual"," 6.09 Lakh","Honda Amaze S Petrol"
"2017","81904 kms "," Petrol "," Manual"," 7.20 Lakh","Honda City i VTEC V"
"2015","61314 kms "," Petrol "," Manual"," 5.06 Lakh","Honda Amaze S i-Vtech"
"2015","75611 kms "," Petrol "," Automatic"," 5.33 Lakh","Honda Jazz 1.2 V AT i VTE"
"2018","50000 kms "," Petrol "," Automatic"," 10.50 Lakh","Honda City Anniversary i-"
"2012","51511 kms "," Petrol "," Automatic"," 4.21 Lakh","Honda City V AT"
"2018","34016 kms "," Petrol "," Manual"," 8.09 Lakh","Honda WR-V i-VTEC VX"
"2013","59617 kms "," Petrol "," Manual"," 3.23 Lakh","Honda Brio S MT"
"2017","70336 kms "," Petrol "," Manual"," 5.86 Lakh","Honda WR-V i-VTEC S"
"2016","38532 kms "," Petrol "," Manual"," 8.42 Lakh","Honda City i VTEC V"
"2019","34876 kms "," Petrol "," Manual"," 6.65 Lakh","Honda Amaze S Petrol BSIV"
"2017","100000 kms "," Diesel "," Manual"," 8.25 Lakh","Honda City i-DTEC ZX"
"2016","67329 kms "," Petrol "," Automatic"," 7.62 Lakh","Honda City i VTEC CVT VX"
"2019","33000 kms "," Petrol "," Automatic"," 24.90 Lakh","Honda CR-V 2.0 CVT"
"2022","10000 kms "," Petrol "," Manual"," 10.44 Lakh","Honda WR-V VX"
"2014","47867 kms "," Petrol "," Automatic"," 10.35 Lakh","Honda CR-V 2.4L 4WD AT"
"2018","9205 kms "," Petrol "," Manual"," 6.50 Lakh","Honda Amaze V Petrol BSIV"
"2009","137319 kms "," Petrol "," Manual"," 3 Lakh","Honda City 1.5 S MT"
"2017","50000 kms "," Petrol "," Automatic"," 8 Lakh","Honda City i-VTEC CVT VX"
"2013","90000 kms "," Petrol "," Manual"," 5.40 Lakh","Honda City V MT"
"2017","86945 kms "," Petrol "," Automatic"," 7 Lakh","Honda City i-VTEC CVT ZX"
"2016","73494 kms "," Petrol "," Manual"," 4.23 Lakh","Honda Amaze S i-Vtech"
"2019","10925 kms "," Petrol "," Automatic"," 7.75 Lakh","Honda Amaze V CVT Petrol "
"2016","35000 kms "," Petrol "," Automatic"," 8.50 Lakh","Honda BR-V i-VTEC V CVT"
"2016","59000 kms "," Petrol "," Manual"," 6.50 Lakh","Honda BR-V i-VTEC V MT"
"2018","33000 kms "," Petrol "," Automatic"," 8.99 Lakh","Honda City i-VTEC CVT ZX"
"2015","48509 kms "," Petrol "," Automatic"," 5.85 Lakh","Honda Jazz 1.2 V AT i VTE"
"2016","64393 kms "," Petrol "," Automatic"," 4.80 Lakh","Honda Jazz 1.2 S AT i VTE"
"2016","28000 kms "," Petrol "," Manual"," 5.90 Lakh","Honda City i VTEC SV"
"2013","33912 kms "," Petrol "," Manual"," 2.85 Lakh","Honda Brio S MT"
"2015","46000 kms "," Petrol "," Automatic"," 5.45 Lakh","Honda Jazz 1.2 V AT i VTE"
"2009","70200 kms "," Petrol "," Automatic"," 2.95 Lakh","Honda City 1.5 S AT"
"2014","30000 kms "," Petrol "," Manual"," 6.75 Lakh","Honda City V MT"
"2017","70000 kms "," Petrol "," Automatic"," 8.35 Lakh","Honda City ZX CVT"
"2019","26000 kms "," Petrol "," Manual"," 6.75 Lakh","Honda BR-V i-VTEC E MT"
"2014","79074 kms "," Diesel "," Manual"," 5.85 Lakh","Honda City i DTec VX"
"2018","43326 kms "," Petrol "," Manual"," 4.85 Lakh","Honda Amaze EX i-Vtech"
"2014","79074 kms "," Petrol "," Manual"," 5.85 Lakh","Honda City i VTEC VX"
"2010","72000 kms "," Petrol "," Manual"," 2.80 Lakh","Honda City 1.5 S MT"
"2018","60000 kms "," Petrol "," Manual"," 5.50 Lakh","Honda Amaze S i-VTEC"
"2017","30000 kms "," Petrol "," Manual"," 6.95 Lakh","Honda City i VTEC SV"
"2015","40000 kms "," Petrol "," Automatic"," 6.50 Lakh","Honda Jazz 1.2 V AT i VTE"
"2015","18000 kms "," Petrol "," Automatic"," 7.25 Lakh","Honda City i VTEC CVT SV"
"2014","70000 kms "," Diesel "," Manual"," 4.35 Lakh","Honda City i DTEC V"
"2014","80000 kms "," Diesel "," Manual"," 4.80 Lakh","Honda City i DTEC V"
"2018","43326 kms "," Petrol "," Manual"," 4.85 Lakh","Honda Amaze E i-VTEC"
"2022","1661 kms "," Petrol "," Manual"," 16 Lakh","Honda City VX MT"
"2018","43326 kms "," Petrol "," Manual"," 4.85 Lakh","Honda Amaze E i-VTEC"
"2017","31000 kms "," Petrol "," Manual"," 6.93 Lakh","Honda City i VTEC S"
"2017","30991 kms "," Petrol "," Automatic"," 9.50 Lakh","Honda City i-VTEC CVT VX"
"2023","5000 kms "," Petrol "," Manual"," 7 Lakh","Honda Amaze S"
"2015","88000 kms "," Petrol "," Manual"," 4.49 Lakh","Honda Amaze S i-Vtech"
"2020","33174 kms "," Diesel "," Manual"," 9.20 Lakh","Honda WR-V i-DTEC VX"
"2013","110000 kms "," Diesel "," Manual"," 2 Lakh","Honda Amaze E i-Dtech"
"2013","48500 kms "," Petrol "," Manual"," 2.89 Lakh","Honda Brio VX"
"2015","140499 kms "," Diesel "," Manual"," 5.30 Lakh","Honda City i DTEC V"
"2012","66000 kms "," Petrol "," Manual"," 3.65 Lakh","Honda City E"
"2015","120000 kms "," Diesel "," Manual"," 4 Lakh","Honda Amaze S i-Dtech"
"2007","100000 kms "," Petrol "," Manual"," 2 Lakh","Honda City GXi"
"2020","15000 kms "," Petrol "," Manual"," 9.25 Lakh","Honda WR-V i-VTEC VX"
"2017","21000 kms "," Petrol "," Manual"," 6.90 Lakh","Honda Jazz 1.2 SV i VTEC"
"2008","104184 kms "," Petrol "," Manual"," 1.28 Lakh","Honda City EXi"
"2013","66000 kms "," Petrol "," Manual"," 4 Lakh","Honda Brio S MT"
"2017","88600 kms "," Diesel "," Manual"," 7.60 Lakh","Honda WR-V i-DTEC VX"
"2014","32000 kms "," Petrol "," Manual"," 3.35 Lakh","Honda Brio S MT"
"2022","27690 kms "," Petrol "," Manual"," 10.50 Lakh","Honda City V MT"
"2012","91030 kms "," Petrol "," Manual"," 3.08 Lakh","Honda City S"
"2017","38283 kms "," Petrol "," Manual"," 6.75 Lakh","Honda BR-V i-VTEC V MT"
"2014","39000 kms "," Petrol "," Manual"," 3.51 Lakh","Honda Brio V MT"
"2015","125308 kms "," Petrol "," Manual"," 5 Lakh","Honda City i VTEC V"
"2014","58200 kms "," Petrol "," Automatic"," 5.45 Lakh","Honda City i VTEC CVT SV"
"2008","70000 kms "," Petrol "," Manual"," 3.85 Lakh","Honda Civic 1.8 V MT"
"2014","80000 kms "," Diesel "," Manual"," 5.45 Lakh","Honda City i DTEC SV"
"2014","28000 kms "," Petrol "," Manual"," 3 Lakh","Honda Brio S MT"
"2021","2867 kms "," Petrol "," Manual"," 7.50 Lakh","Honda Amaze S Petrol"
"2013","40393 kms "," Petrol "," Manual"," 3.35 Lakh","Honda Amaze SX i-VTEC"
"2015","46067 kms "," Petrol "," Automatic"," 4.75 Lakh","Honda Amaze S AT i-Vtech"
"2010","64000 kms "," Petrol "," Manual"," 3.35 Lakh","Honda City 1.5 V MT"
"2013","41000 kms "," Petrol "," Automatic"," 5.11 Lakh","Honda Amaze VX AT i-Vtech"
"2015","69000 kms "," Petrol "," Automatic"," 5.85 Lakh","Honda City i VTEC CVT SV"
"2012","72452 kms "," Petrol "," Manual"," 2.89 Lakh","Honda Brio S MT"
"2014","113136 kms "," Diesel "," Manual"," 2.73 Lakh","Honda Amaze S i-Dtech"
"2015","44284 kms "," Petrol "," Manual"," 3.60 Lakh","Honda Jazz 1.2 E i VTEC"
"2008","81543 kms "," Petrol "," Manual"," 2.32 Lakh","Honda City 1.5 S MT"
"2013","169285 kms "," Diesel "," Manual"," 3.49 Lakh","Honda Amaze S i-Dtech"
"2014","81667 kms "," Petrol "," Manual"," 4.50 Lakh","Honda Mobilio S i-VTEC"
"2013","156064 kms "," Diesel "," Manual"," 3.27 Lakh","Honda Amaze S i-Dtech"
"2018","62312 kms "," Diesel "," Manual"," 5.50 Lakh","Honda Amaze S i-DTEC"
"2014","67683 kms "," Petrol "," Manual"," 3.50 Lakh","Honda Mobilio V i-VTEC"
"2018","34025 kms "," Petrol "," Manual"," 7.25 Lakh","Honda City i-VTEC SV"
"2015","74057 kms "," Petrol "," Manual"," 6.89 Lakh","Honda City i VTEC VX"
"2010","133878 kms "," Petrol "," Automatic"," 2.77 Lakh","Honda City 1.5 V AT"
"2018","27947 kms "," Petrol "," Manual"," 7.50 Lakh","Honda City i-VTEC V"
"2019","33500 kms "," Petrol "," Automatic"," 10 Lakh","Honda City i-VTEC CVT V"
"2014","100000 kms "," Diesel "," Manual"," 5.40 Lakh","Honda City i DTEC V"
"2016","50000 kms "," Petrol "," Manual"," 4 Lakh","Honda Brio S MT"
"2018","25000 kms "," Petrol "," Manual"," 7.45 Lakh","Honda WR-V i-VTEC VX"
"2019","23000 kms "," Petrol "," Manual"," 8.50 Lakh","Honda BR-V i-VTEC S MT"
"2015","64183 kms "," Petrol "," Manual"," 3.56 Lakh","Honda Amaze S i-Vtech"
"2016","19434 kms "," Petrol "," Manual"," 6 Lakh","Honda City i VTEC S"
"2016","99548 kms "," Petrol "," Automatic"," 6.90 Lakh","Honda City i VTEC CVT VX"
"2015","77279 kms "," Diesel "," Manual"," 3.50 Lakh","Honda Amaze S i-Dtech"
"2012","64000 kms "," Petrol "," Manual"," 2.90 Lakh","Honda Brio V MT"
"2022","14879 kms "," Petrol "," Manual"," 12.75 Lakh","Honda City ZX MT"
"2017","94423 kms "," Petrol "," Manual"," 3.15 Lakh","Honda Amaze E i-VTEC"
"2009","35958 kms "," Petrol "," Manual"," 2 Lakh","Honda Jazz S"
"2013","82097 kms "," Petrol "," Manual"," 2.13 Lakh","Honda Brio V MT"
"2017","38515 kms "," Petrol "," Manual"," 7.10 Lakh","Honda City i VTEC V"
"2009","83088 kms "," Petrol "," Manual"," 1.96 Lakh","Honda City 1.5 S MT"
"2015","132349 kms "," Diesel "," Manual"," 4.16 Lakh","Honda Jazz 1.5 SV i DTEC"
"2010","83013 kms "," Petrol "," Manual"," 2.40 Lakh","Honda City 1.5 S MT"
"2010","102885 kms "," Petrol "," Manual"," 1.77 Lakh","Honda Jazz Basic"
"2019","71508 kms "," Petrol "," Automatic"," 11.40 Lakh","Honda City ZX CVT"
"2010","93275 kms "," Petrol "," Manual"," 3.50 Lakh","Honda City 1.5 S MT"
"2012","57950 kms "," Petrol "," Automatic"," 4 Lakh","Honda City V AT"
"2017","53000 kms "," Petrol "," Manual"," 5.20 Lakh","Honda Amaze SX i VTEC"
"2011","87487 kms "," Petrol "," Manual"," 2.70 Lakh","Honda City 1.5 V MT"
"2017","19848 kms "," Petrol "," Manual"," 7 Lakh","Honda WR-V i-VTEC VX"
"2016","56660 kms "," Petrol "," Manual"," 7.45 Lakh","Honda City i VTEC VX"
"2019","14977 kms "," Petrol "," Automatic"," 8.25 Lakh","Honda Amaze VX CVT Petrol"
"2009","95980 kms "," Petrol "," Manual"," 1.78 Lakh","Honda City 1.5 S MT"
"2009","44869 kms "," Petrol "," Manual"," 2.50 Lakh","Honda City 1.5 S MT"
"2013","100085 kms "," Petrol "," Manual"," 2.83 Lakh","Honda City E"
"2015","73948 kms "," Petrol "," Manual"," 5.15 Lakh","Honda City i VTEC SV"
"2012","80618 kms "," Petrol "," Manual"," 2.85 Lakh","Honda Brio S MT"
"2010","85284 kms "," Petrol "," Manual"," 3.25 Lakh","Honda City V MT"
"2018","29000 kms "," Petrol "," Automatic"," 6.95 Lakh","Honda Jazz 1.2 V AT i VTE"
"2017","38000 kms "," Petrol "," Manual"," 7.01 Lakh","Honda BR-V i-VTEC V MT"
"2017","41000 kms "," Petrol "," Automatic"," 7.50 Lakh","Honda City i-VTEC CVT VX"
"2014","44688 kms "," Petrol "," Manual"," 4.50 Lakh","Honda Amaze S i-Vtech"
"2014","29000 kms "," Petrol "," Manual"," 4.25 Lakh","Honda Amaze SX i-VTEC"
"2017","51000 kms "," Petrol "," Automatic"," 8.99 Lakh","Honda City i-VTEC CVT ZX"
"2016","61248 kms "," Petrol "," Manual"," 3.75 Lakh","Honda Amaze SX i-VTEC"
"2017","63000 kms "," Petrol "," Automatic"," 8.65 Lakh","Honda City i-VTEC CVT VX"
"2014","56000 kms "," Petrol "," Manual"," 5.15 Lakh","Honda City i VTEC V"
"2017","54184 kms "," Petrol "," Manual"," 6 Lakh","Honda City i-VTEC V"
"2015","26000 kms "," Petrol "," Automatic"," 4.95 Lakh","Honda Amaze VX AT i-Vtech"
"2019","11000 kms "," Petrol "," Automatic"," 7.45 Lakh","Honda Amaze S CVT Petrol "
"2017","36000 kms "," Petrol "," Manual"," 7.45 Lakh","Honda Jazz 1.2 SV i VTEC"
"2012","36000 kms "," Petrol "," Automatic"," 4.75 Lakh","Honda City V AT"
"2017","39000 kms "," Petrol "," Manual"," 7.25 Lakh","Honda City i VTEC VX"
"2016","41000 kms "," Petrol "," Manual"," 6.25 Lakh","Honda City i VTEC SV"
"2016","37000 kms "," Petrol "," Automatic"," 7.95 Lakh","Honda City i VTEC CVT VX"
"2017","17000 kms "," Petrol "," Manual"," 6.45 Lakh","Honda WR-V i-VTEC S"
"2015","59000 kms "," Petrol "," Manual"," 6.85 Lakh","Honda City V MT"
"2011","53418 kms "," Petrol "," Manual"," 3.12 Lakh","Honda City 1.5 V MT"
"2012","8000 kms "," Petrol "," Manual"," 2.85 Lakh","Honda Brio S MT"
"2014","110697 kms "," Diesel "," Manual"," 4.04 Lakh","Honda City i DTEC SV"
"2013","26000 kms "," Petrol "," Automatic"," 4.50 Lakh","Honda Amaze VX AT i-Vtech"
"2019","54000 kms "," Diesel "," Manual"," 9.90 Lakh","Honda City i-DTEC VX"
"2012","48000 kms "," Petrol "," Manual"," 2.75 Lakh","Honda Brio S MT"
"2008","131990 kms "," Petrol "," Manual"," 1.51 Lakh","Honda City 1.5 S MT"
"2015","52932 kms "," Petrol "," Manual"," 5.65 Lakh","Honda City i VTEC SV"
"2014","71481 kms "," Diesel "," Manual"," 2.75 Lakh","Honda Amaze S i-Dtech"
"2015","110586 kms "," Diesel "," Manual"," 5.40 Lakh","Honda City i DTEC SV"
"2010","61000 kms "," Petrol "," Automatic"," 3.11 Lakh","Honda Civic 1.8 V AT"
"2021","22111 kms "," Petrol "," Manual"," 9 Lakh","Honda City SV MT"
"2014","25900 kms "," Petrol "," Manual"," 4.21 Lakh","Honda Amaze VX i-Vtech"
"2013","72071 kms "," Diesel "," Manual"," 4.50 Lakh","Honda Amaze S i-Dtech"
"2014","87401 kms "," Petrol "," Manual"," 3.10 Lakh","Honda Amaze S i-Vtech"
"2012","62000 kms "," Petrol "," Manual"," 3.50 Lakh","Honda City S"
"2014","141088 kms "," Diesel "," Manual"," 4 Lakh","Honda Amaze S i-Dtech"
"2011","52500 kms "," Petrol "," Manual"," 4.09 Lakh","Honda City 1.5 S MT"
"2022","10885 kms "," Petrol "," Automatic"," 9.56 Lakh","Honda Amaze VX CVT"
"2018","80286 kms "," Diesel "," Manual"," 6.70 Lakh","Honda WR-V i-DTEC VX"
"2014","55688 kms "," Petrol "," Manual"," 3.80 Lakh","Honda Amaze E i-Vtech"
"2014","20663 kms "," Petrol "," Manual"," 4.25 Lakh","Honda Amaze S i-Vtech"
"2017","29401 kms "," Petrol "," Manual"," 7.15 Lakh","Honda BR-V i-VTEC S MT"
"2020","18731 kms "," Petrol "," Automatic"," 7.90 Lakh","Honda Amaze VX CVT Petrol"
"2018","67181 kms "," Petrol "," Automatic"," 8.25 Lakh","Honda City i-VTEC CVT V"
"2009","78766 kms "," Petrol "," Automatic"," 2.70 Lakh","Honda City 1.5 S AT"
"2010","70000 kms "," Petrol "," Manual"," 2.75 Lakh","Honda City 1.5 E MT"
"2017","70000 kms "," Petrol "," Manual"," 7.50 Lakh","Honda City i VTEC V"
"2020","30000 kms "," Petrol "," Automatic"," 11.50 Lakh","Honda City i-VTEC CVT VX"
"2017","28000 kms "," Petrol "," Manual"," 8 Lakh","Honda City i VTEC V"
"2008","131474 kms "," Petrol "," Manual"," 1.50 Lakh","Honda City GXi"
"2014","149237 kms "," Diesel "," Manual"," 3 Lakh","Honda City i DTEC SV"
"2009","108406 kms "," Petrol "," Manual"," 1.80 Lakh","Honda City 1.5 S MT"
"2013","74424 kms "," Petrol "," Manual"," 2.30 Lakh","Honda Brio S MT"
"2018","64812 kms "," Diesel "," Manual"," 6 Lakh","Honda Amaze S Option i-DT"
"2016","32291 kms "," Petrol "," Manual"," 7 Lakh","Honda City i VTEC V"
"2009","65000 kms "," Petrol "," Manual"," 2.45 Lakh","Honda Civic 1.8 V MT"
"2016","78982 kms "," Petrol "," Automatic"," 8 Lakh","Honda City i VTEC CVT VX"
"2010","76000 kms "," Petrol "," Manual"," 2.60 Lakh","Honda City 1.5 S MT"
"2008","71000 kms "," Petrol "," Automatic"," 1.95 Lakh","Honda Civic 1.8 V AT"
"2009","103913 kms "," Petrol "," Manual"," 2.32 Lakh","Honda City 1.5 S MT"
"2019","21000 kms "," Petrol "," Manual"," 7.34 Lakh","Honda Amaze VX i-VTEC"
"2020","35000 kms "," Petrol "," Manual"," 7.99 Lakh","Honda City i-VTEC VX"
"2019","35000 kms "," Petrol "," Manual"," 7.99 Lakh","Honda City i-VTEC VX"
"2014","135538 kms "," Diesel "," Manual"," 3.50 Lakh","Honda City i DTEC V"
"2014","116734 kms "," Diesel "," Manual"," 5.50 Lakh","Honda Mobilio S i-DTEC"
"2019","22000 kms "," Petrol "," Manual"," 6 Lakh","Honda Amaze S i-VTEC"
"2019","22000 kms "," Petrol "," Manual"," 9.65 Lakh","Honda City V MT"
"2009","73193 kms "," Petrol "," Manual"," 1.96 Lakh","Honda City 1.5 S MT"
"2017","43741 kms "," Diesel "," Manual"," 6.50 Lakh","Honda WR-V i-DTEC VX"
"2017","172246 kms "," Diesel "," Manual"," 6.31 Lakh","Honda BR-V i-DTEC S MT"
"2015","56597 kms "," Diesel "," Manual"," 5.15 Lakh","Honda City i DTEC V"
"2015","94972 kms "," Petrol "," Manual"," 6.60 Lakh","Honda City i VTEC VX Opti"
"2016","92448 kms "," Petrol "," Manual"," 4.50 Lakh","Honda Jazz 1.2 V i VTEC"
"2011","70000 kms "," Petrol "," Automatic"," 3.75 Lakh","Honda City 1.5 V AT"
"2011","81846 kms "," Petrol "," Manual"," 3.86 Lakh","Honda City S"
"2018","56400 kms "," Petrol "," Manual"," 6.99 Lakh","Honda Amaze VX i-VTEC"
"2008","123000 kms "," Petrol "," Manual"," 1.65 Lakh","Honda City GXi"
"2012","81572 kms "," Petrol "," Manual"," 3 Lakh","Honda City S"
"2013","114565 kms "," Diesel "," Manual"," 2.12 Lakh","Honda Amaze S i-Dtech"
"2017","59835 kms "," Diesel "," Manual"," 4.70 Lakh","Honda WR-V i-DTEC S"
"2015","71773 kms "," Diesel "," Manual"," 4.30 Lakh","Honda City i DTEC VX"
"2009","107124 kms "," Petrol "," Automatic"," 1.75 Lakh","Honda City 1.5 V AT"
"2005","59124 kms "," Petrol "," Manual"," 1.51 Lakh","Honda City 1.5 GXI"
"2004","101752 kms "," Petrol "," Automatic"," 3.17 Lakh","Honda CR-V 2.4 4WD AT"
"2013","75245 kms "," Petrol "," Manual"," 2.25 Lakh","Honda Brio VX"
"2008","125051 kms "," Petrol "," Manual"," 1.20 Lakh","Honda City GXi"
"2014","97285 kms "," Diesel "," Manual"," 3.94 Lakh","Honda City i DTEC V"
"2019","21744 kms "," Petrol "," Manual"," 5.50 Lakh","Honda Amaze S Petrol BSIV"
"2019","50175 kms "," Diesel "," Automatic"," 26.50 Lakh","Honda CR-V Diesel 2WD"
"2018","22000 kms "," Petrol "," Automatic"," 7 Lakh","Honda City i-VTEC CVT V"
"2014","56000 kms "," Petrol "," Manual"," 5.45 Lakh","Honda City i VTEC SV"
"2015","64000 kms "," Diesel "," Manual"," 5.49 Lakh","Honda City i DTEC VX"
"2019","10745 kms "," Petrol "," Automatic"," 17.54 Lakh","Honda Civic VX"
"2017","30000 kms "," Petrol "," Automatic"," 8.90 Lakh","Honda City i VTEC CVT VX"
"2019","22000 kms "," Petrol "," Manual"," 7.90 Lakh","Honda WR-V Edge Edition i"
"2022","5045 kms "," Petrol "," Manual"," 14.50 Lakh","Honda City ZX MT"
"2022","5100 kms "," Petrol "," Automatic"," 15.90 Lakh","Honda City i-VTEC CVT ZX"
"2016","35620 kms "," Petrol "," Manual"," 7.50 Lakh","Honda City i VTEC VX"
"2022","3800 kms "," Petrol "," Automatic"," 15.90 Lakh","Honda City i-VTEC CVT ZX"
"2018","24530 kms "," Petrol "," Manual"," 7.60 Lakh","Honda Jazz 1.2 V i VTEC"
"2021","4001 kms "," Petrol "," Automatic"," 9.50 Lakh","Honda Amaze VX CVT Petrol"
"2019","30935 kms "," Petrol "," Manual"," 7.40 Lakh","Honda Jazz 1.2 V i VTEC"
"2015","35200 kms "," Petrol "," Automatic"," 6.25 Lakh","Honda Jazz V CVT"
"2021","39011 kms "," Petrol "," Automatic"," 13.45 Lakh","Honda City i-VTEC CVT VX"
"2015","103522 kms "," Petrol "," Automatic"," 5.50 Lakh","Honda City i VTEC CVT VX"
"2015","28451 kms "," Diesel "," Manual"," 7 Lakh","Honda City i DTEC VX"
"2010","191931 kms "," Petrol "," Manual"," 2.50 Lakh","Honda City 1.5 S MT"
"2011","119822 kms "," Petrol "," Manual"," 2.37 Lakh","Honda City 1.5 V MT"
"2018","21644 kms "," Petrol "," Automatic"," 6.50 Lakh","Honda Amaze V CVT Petrol "
"2010","59556 kms "," Petrol "," Manual"," 1.95 Lakh","Honda City 1.5 S MT"
"2014","84107 kms "," Diesel "," Manual"," 2.65 Lakh","Honda Amaze E i-Dtech"
"2012","65577 kms "," Petrol "," Manual"," 3.15 Lakh","Honda Jazz X"
"2015","32191 kms "," Petrol "," Manual"," 4.75 Lakh","Honda City i VTEC SV"
"2016","59235 kms "," Diesel "," Manual"," 7.11 Lakh","Honda BR-V i-DTEC S MT"
"2019","22700 kms "," Petrol "," Automatic"," 7.50 Lakh","Honda Amaze V CVT Petrol "
"2015","29000 kms "," Petrol "," Automatic"," 12.95 Lakh","Honda CR-V 2.4L 4WD AT"
"2021","5317 kms "," Petrol "," Manual"," 11.39 Lakh","Honda City V MT"
"2020","60714 kms "," Petrol "," Manual"," 6.90 Lakh","Honda Amaze S Petrol"
"2014","119824 kms "," Diesel "," Manual"," 2.96 Lakh","Honda Amaze S i-Dtech"
"2015","69204 kms "," Petrol "," Manual"," 5.60 Lakh","Honda City i VTEC SV"
"2015","72900 kms "," Diesel "," Manual"," 5.75 Lakh","Honda Jazz 1.5 VX i DTEC"
"2016","55000 kms "," Petrol "," Manual"," 4.25 Lakh","Honda Amaze S Petrol BSIV"
"2013","37000 kms "," Petrol "," Manual"," 2.99 Lakh","Honda Brio VX"
"2021","3735 kms "," Petrol "," Automatic"," 14 Lakh","Honda City ZX CVT"
"2015","50500 kms "," Diesel "," Manual"," 6.49 Lakh","Honda City i DTec V"
"2014","59000 kms "," Petrol "," Automatic"," 10.50 Lakh","Honda CR-V 2.4L 4WD AT"
"2017","25000 kms "," Petrol "," Manual"," 5.98 Lakh","Honda WR-V i-VTEC S"
"2011","67000 kms "," Petrol "," Automatic"," 3.25 Lakh","Honda City 1.5 V AT"
"2015","81000 kms "," Petrol "," Manual"," 3.93 Lakh","Honda Amaze S i-Vtech"
"2017","97526 kms "," Diesel "," Manual"," 6.35 Lakh","Honda WR-V i-DTEC VX"
"2012","65865 kms "," Petrol "," Manual"," 2.39 Lakh","Honda Brio S Option MT"
"2010","89191 kms "," Petrol "," Manual"," 2.61 Lakh","Honda City 1.5 S MT"
"2008","74139 kms "," Petrol "," Automatic"," 3.13 Lakh","Honda CR-V 2.4 AT"
"2021","28183 kms "," Diesel "," Manual"," 8.50 Lakh","Honda Amaze S Diesel"
"2017","28419 kms "," Petrol "," Automatic"," 8.50 Lakh","Honda City i-VTEC CVT ZX"
"2010","67000 kms "," Petrol "," Manual"," 3.90 Lakh","Honda Accord 2.4 MT"
"2017","45556 kms "," Petrol "," Manual"," 5 Lakh","Honda Amaze S i-VTEC"
"2015","74000 kms "," Petrol "," Automatic"," 11.75 Lakh","Honda CR-V 2.4L 4WD AT"
"2013","48000 kms "," Petrol "," Manual"," 2.45 Lakh","Honda Amaze EX i-Vtech"
"2014","59218 kms "," Petrol "," Manual"," 5.50 Lakh","Honda City i VTEC V"
"2014","74000 kms "," Petrol "," Manual"," 3.89 Lakh","Honda Amaze S i-Vtech"
"2019","32000 kms "," Petrol "," Automatic"," 10.25 Lakh","Honda City i-VTEC CVT VX"
"2013","45000 kms "," Petrol "," Manual"," 3.75 Lakh","Honda City S"
"2014","82709 kms "," Diesel "," Manual"," 2.75 Lakh","Honda Amaze S Diesel"
"2017","14073 kms "," Petrol "," Manual"," 6.70 Lakh","Honda Jazz 1.2 V i VTEC"
"2010","120023 kms "," Petrol "," Automatic"," 2.40 Lakh","Honda City 1.5 V AT"
"2017","31238 kms "," Petrol "," Automatic"," 5 Lakh","Honda Jazz 1.2 V AT i VTE"
"2015","65000 kms "," Petrol "," Automatic"," 5.25 Lakh","Honda Jazz V CVT"
"2015","48000 kms "," Petrol "," Automatic"," 7.65 Lakh","Honda City i VTEC CVT VX"
"2022","16000 kms "," Petrol "," Manual"," 14 Lakh","Honda City i-VTEC ZX"
"2017","42000 kms "," Diesel "," Manual"," 7.40 Lakh","Honda BR-V i-DTEC S MT"
"2013","54000 kms "," Diesel "," Manual"," 4.65 Lakh","Honda Amaze S i-Dtech"
"2014","33000 kms "," Petrol "," Automatic"," 5.75 Lakh","Honda City i VTEC CVT SV"
"2020","64092 kms "," Petrol "," Manual"," 10 Lakh","Honda City V MT"
"2015","80000 kms "," Diesel "," Manual"," 4.80 Lakh","Honda Amaze SX i-DTEC"
"2009","127986 kms "," Petrol "," Manual"," 3 Lakh","Honda City 1.5 V MT"
"2015","30041 kms "," Petrol "," Manual"," 4.80 Lakh","Honda Amaze S Petrol"
"2015","51000 kms "," Petrol "," Manual"," 4.56 Lakh","Honda Jazz 1.2 V i VTEC"
"2013","650000 kms "," Petrol "," Manual"," 4.10 Lakh","Honda City V MT"
"2015","94670 kms "," Petrol "," Automatic"," 6 Lakh","Honda City i VTEC CVT VX"
"2016","92000 kms "," Diesel "," Manual"," 6.50 Lakh","Honda Jazz 1.5 S i DTEC"
"2017","15500 kms "," Petrol "," Manual"," 7.50 Lakh","Honda WR-V i-VTEC VX"
"2015","31135 kms "," Petrol "," Manual"," 4.80 Lakh","Honda Amaze S i-Vtech"
"2017","14453 kms "," Petrol "," Automatic"," 6.70 Lakh","Honda Jazz V CVT"
"2013","48219 kms "," Petrol "," Manual"," 2.50 Lakh","Honda Brio S MT"
"2017","34721 kms "," Petrol "," Manual"," 5.50 Lakh","Honda Amaze S i-VTEC"
"2022","5000 kms "," Petrol "," Manual"," 10.80 Lakh","Honda City V MT"
"2019","18000 kms "," Petrol "," Automatic"," 17.25 Lakh","Honda Civic VX BSIV"
"2016","50900 kms "," Petrol "," Manual"," 6.60 Lakh","Honda City i VTEC SV"
"2015","85291 kms "," Petrol "," Manual"," 6 Lakh","Honda City i VTEC V"
"2015","55000 kms "," Petrol "," Manual"," 5.30 Lakh","Honda City V MT"
"2017","72718 kms "," Diesel "," Manual"," 5 Lakh","Honda WR-V i-DTEC VX"
"2017","27000 kms "," Petrol "," Manual"," 5.11 Lakh","Honda Jazz 1.2 V i VTEC"
"2014","204000 kms "," Diesel "," Manual"," 4 Lakh","Honda Amaze S i-Dtech"
"2013","53313 kms "," Petrol "," Manual"," 2.80 Lakh","Honda Brio S MT"
"2009","110000 kms "," Petrol "," Manual"," 2.50 Lakh","Honda City 1.5 V MT"
"2007","40000 kms "," Petrol "," Manual"," 3.10 Lakh","Honda Civic 1.8 MT Sport"
"2005","111279 kms "," Petrol "," Manual"," 1.73 Lakh","Honda City 1.5 GXI"
"2017","25000 kms "," Petrol "," Manual"," 9.50 Lakh","Honda City i VTEC V"
"2016","46564 kms "," Petrol "," Manual"," 5.50 Lakh","Honda City i VTEC SV"
"2009","92034 kms "," Petrol "," Automatic"," 2 Lakh","Honda Civic 1.8 V AT"
"2013","29126 kms "," Petrol "," Manual"," 4.25 Lakh","Honda City E"
"2014","45882 kms "," Petrol "," Automatic"," 6 Lakh","Honda City i VTEC CVT VX"
"2013","23000 kms "," Petrol "," Automatic"," 4.85 Lakh","Honda City 1.5 S AT"
"2014","70262 kms "," Diesel "," Manual"," 5.50 Lakh","Honda City i DTEC SV"
"2004","109381 kms "," Petrol "," Manual"," 1.50 Lakh","Honda City 1.5 EXI"
"2016","36858 kms "," Petrol "," Automatic"," 6.75 Lakh","Honda Amaze V CVT Petrol "
"2016","32253 kms "," Petrol "," Automatic"," 5.10 Lakh","Honda City i VTEC CVT SV"
"2017","75185 kms "," Petrol "," Manual"," 8 Lakh","Honda City i VTEC SV"
"2016","56471 kms "," Petrol "," Manual"," 6 Lakh","Honda BR-V i-VTEC V MT"
"2013","88000 kms "," Diesel "," Manual"," 2.50 Lakh","Honda Amaze S i-Dtech"
"2016","82000 kms "," Diesel "," Manual"," 7.25 Lakh","Honda City i DTec VX"
"2016","43000 kms "," Petrol "," Automatic"," 7.90 Lakh","Honda City i VTEC CVT VX"
"2012","47000 kms "," Petrol "," Manual"," 2.30 Lakh","Honda Brio S MT"
"2009","85682 kms "," Petrol "," Manual"," 1.95 Lakh","Honda City 1.5 E MT"
"2007","45832 kms "," Petrol "," Manual"," 1.50 Lakh","Honda Civic 1.8 V MT"
"2013","70000 kms "," Petrol "," Automatic"," 3.25 Lakh","Honda Brio V AT"
"2018","110000 kms "," Diesel "," Manual"," 5.70 Lakh","Honda Amaze i-DTEC Privil"
"2012","80000 kms "," Petrol "," Manual"," 2 Lakh","Honda Brio V MT"
"2010","50000 kms "," Petrol "," Manual"," 2.75 Lakh","Honda City 1.5 V MT"
"2018","137976 kms "," Diesel "," Manual"," 4.60 Lakh","Honda Amaze S i-DTEC"
"2016","60000 kms "," Petrol "," Manual"," 4.10 Lakh","Honda Amaze S i-Vtech"
"2009","30296 kms "," Petrol "," Manual"," 2.50 Lakh","Honda City 1.5 S MT"
"2018","50000 kms "," Diesel "," Automatic"," 7.30 Lakh","Honda Amaze S CVT Diesel "
"2009","102816 kms "," Petrol "," Automatic"," 1.80 Lakh","Honda City 1.5 S AT"
"2017","23239 kms "," Petrol "," Manual"," 4.50 Lakh","Honda Amaze S i-VTEC"
"2009","109989 kms "," Petrol "," Manual"," 2.80 Lakh","Honda Civic 1.8 (E) MT"
"2019","53862 kms "," Petrol "," Manual"," 7.40 Lakh","Honda WR-V i-VTEC VX"
"2008","120000 kms "," Petrol "," Manual"," 1.90 Lakh","Honda City GXi"
"2012","49000 kms "," Petrol "," Manual"," 2.49 Lakh","Honda Brio S MT"
"2017","79968 kms "," Diesel "," Manual"," 6 Lakh","Honda Amaze E Option i-DT"
"2015","50000 kms "," Petrol "," Manual"," 6.50 Lakh","Honda City i VTEC SV"
"2019","32699 kms "," Petrol "," Automatic"," 7.50 Lakh","Honda Jazz VX CVT"
"2017","51000 kms "," Petrol "," Automatic"," 8.99 Lakh","Honda City i-VTEC CVT ZX"
"2014","122698 kms "," Petrol "," Manual"," 5.50 Lakh","Honda City i VTEC VX"
"2018","110000 kms "," Diesel "," Manual"," 7.50 Lakh","Honda WR-V i-DTEC VX"
"2022","20000 kms "," Petrol "," Manual"," 7.50 Lakh","Honda Amaze S"
"2017","64000 kms "," Petrol "," Automatic"," 8.50 Lakh","Honda City VX CVT"
"2013","200000 kms "," Diesel "," Manual"," 2.50 Lakh","Honda Amaze S i-Dtech"
"2013","128431 kms "," Petrol "," Manual"," 2.80 Lakh","Honda Brio EX MT"
"2014","44901 kms "," Diesel "," Manual"," 3 Lakh","Honda City i DTEC SV"
"2019","82900 kms "," Petrol "," Automatic"," 12.50 Lakh","Honda City VX CVT"
"2017","60000 kms "," Petrol "," Manual"," 8 Lakh","Honda City V MT"
"2018","51000 kms "," Petrol "," Manual"," 8.25 Lakh","Honda City V MT"
"2021","15000 kms "," Petrol "," Automatic"," 7.51 Lakh","Honda Amaze Exclusive Edi"
"2012","64000 kms "," Petrol "," Manual"," 4.75 Lakh","Honda Jazz X"
"2015","63000 kms "," Petrol "," Automatic"," 12.90 Lakh","Honda CR-V 2.4L 4WD AT"
"2010","92000 kms "," Petrol "," Manual"," 2.50 Lakh","Honda City 1.5 S MT"
"2016","40000 kms "," Petrol "," Automatic"," 13.25 Lakh","Honda CR-V 2.4L 4WD AT AV"
"2014","146732 kms "," Petrol "," Manual"," 3.70 Lakh","Honda City SV MT"
"2009","72000 kms "," Petrol "," Automatic"," 1.95 Lakh","Honda Civic 1.8 V AT"
"2021","6000 kms "," Petrol "," Manual"," 9.75 Lakh","Honda City SV MT"
"2014","40748 kms "," Petrol "," Manual"," 3.70 Lakh","Honda Amaze S i-Vtech"
"2012","46761 kms "," Petrol "," Manual"," 4.50 Lakh","Honda City E"
"2009","108450 kms "," Petrol "," Manual"," 2 Lakh","Honda City 1.5 S MT"
"2015","12710 kms "," Petrol "," Manual"," 3.40 Lakh","Honda Amaze SX i-VTEC"
"2014","80000 kms "," Petrol "," Manual"," 5.75 Lakh","Honda City i VTEC SV"
"2019","13106 kms "," Petrol "," Manual"," 6 Lakh","Honda Amaze S Petrol BSIV"
"2015","109839 kms "," Diesel "," Manual"," 5.50 Lakh","Honda City i DTEC V"
"2019","80146 kms "," Petrol "," Manual"," 7.32 Lakh","Honda City V MT"
"2005","91687 kms "," Petrol "," Manual"," 1.50 Lakh","Honda City 1.5 GXI"
"2008","68013 kms "," Petrol "," Manual"," 1.35 Lakh","Honda City GXi"
"2017","100385 kms "," Petrol "," Manual"," 6.33 Lakh","Honda City i VTEC V"
"2014","67245 kms "," Diesel "," Manual"," 4 Lakh","Honda City i DTEC SV"
"2010","70590 kms "," Petrol "," Manual"," 3.75 Lakh","Honda City 1.5 S MT"
"2010","94233 kms "," Petrol "," Manual"," 2.20 Lakh","Honda City 1.5 S MT"
"2008","110000 kms "," Petrol "," Manual"," 1.10 Lakh","Honda City GXi"
"2011","103000 kms "," Petrol "," Manual"," 4.50 Lakh","Honda Civic 1.8 V MT"
"2014","75480 kms "," Petrol "," Manual"," 6.50 Lakh","Honda City i VTEC S"
"2010","87000 kms "," Petrol "," Manual"," 3.95 Lakh","Honda City 1.5 V MT"
"2016","50393 kms "," Diesel "," Manual"," 5.50 Lakh","Honda City i DTec SV"
"2012","71320 kms "," Petrol "," Manual"," 2.10 Lakh","Honda Brio S MT"
"2014","66776 kms "," Diesel "," Manual"," 2.30 Lakh","Honda Amaze S i-Dtech"
"2010","76436 kms "," Petrol "," Manual"," 2.10 Lakh","Honda City 1.5 E MT"
"2012","210592 kms "," Petrol "," Manual"," 2.55 Lakh","Honda City S"
"2016","28232 kms "," Petrol "," Manual"," 4 Lakh","Honda Jazz 1.2 SV i VTEC"
"2018","23733 kms "," Petrol "," Automatic"," 9 Lakh","Honda City i-VTEC CVT ZX"
"2019","35000 kms "," Petrol "," Manual"," 7.22 Lakh","Honda Amaze VX Petrol BSI"
"2012","74103 kms "," Petrol "," Manual"," 3.35 Lakh","Honda City S"
"2010","70000 kms "," Petrol "," Manual"," 2 Lakh","Honda City 1.5 E MT"
"2017","110000 kms "," Diesel "," Manual"," 5.50 Lakh","Honda Amaze i-DTEC Privil"
"2016","120000 kms "," Diesel "," Manual"," 4.50 Lakh","Honda BR-V i-DTEC V MT"
"2014","121147 kms "," Diesel "," Manual"," 3 Lakh","Honda City i DTEC VX"
"2019","120000 kms "," Diesel "," Manual"," 6.50 Lakh","Honda WR-V i-DTEC VX"
"2009","76831 kms "," Petrol "," Manual"," 2.22 Lakh","Honda City 1.5 E MT"
"2017","37000 kms "," Petrol "," Automatic"," 6.25 Lakh","Honda Jazz 1.2 V AT i VTE"
"2020","10000 kms "," Petrol "," Manual"," 6.70 Lakh","Honda Amaze S Petrol"
"2016","51179 kms "," Petrol "," Automatic"," 6 Lakh","Honda Amaze S AT i-Vtech"
"2019","29461 kms "," Petrol "," Manual"," 5.50 Lakh","Honda Amaze E Petrol BSIV"
"2014","205546 kms "," Diesel "," Manual"," 2.25 Lakh","Honda Mobilio V i-DTEC"
"2008","223000 kms "," Petrol "," Manual"," 1 Lakh","Honda City GXi"
"2016","151181 kms "," Diesel "," Manual"," 5 Lakh","Honda City i DTec SV"
"2009","93909 kms "," Petrol "," Manual"," 1.15 Lakh","Honda City 1.5 S MT"
"2010","95618 kms "," Petrol "," Manual"," 3.01 Lakh","Honda City 1.5 S MT"
"2015","95338 kms "," Diesel "," Manual"," 2.25 Lakh","Honda Amaze S i-Dtech"
"2008","100000 kms "," Petrol "," Automatic"," 2 Lakh","Honda Civic 1.8 S AT"
"2016","40000 kms "," Petrol "," Manual"," 5.75 Lakh","Honda Amaze VX i-VTEC"
"2010","120000 kms "," Petrol "," Manual"," 5 Lakh","Honda City 1.5 S MT"
"2015","86000 kms "," Petrol "," Manual"," 4.30 Lakh","Honda Amaze S i-Vtech"
"2011","67507 kms "," Petrol "," Manual"," 5.50 Lakh","Honda Accord 2.4 MT"
"2009","90000 kms "," Petrol "," Manual"," 3 Lakh","Honda City 1.5 S MT"
"2021","20900 kms "," Petrol "," Manual"," 8.25 Lakh","Honda Amaze VX Petrol"
"2011","70000 kms "," Petrol "," Manual"," 3.30 Lakh","Honda City 1.5 S MT"
"2014","125690 kms "," Diesel "," Manual"," 2.45 Lakh","Honda Amaze S i-Dtech"
"2017","46729 kms "," Petrol "," Manual"," 7.50 Lakh","Honda City i VTEC V"
"2016","84067 kms "," Petrol "," Manual"," 4.50 Lakh","Honda Jazz 1.2 VX i VTEC"
"2003","149714 kms "," Petrol "," Manual"," 45,000","Honda City 1.5 GXI"
"2017","17687 kms "," Petrol "," Manual"," 9 Lakh","Honda City i VTEC VX"
"2016","129835 kms "," Diesel "," Manual"," 5.20 Lakh","Honda City i DTec V"
"2015","56616 kms "," Petrol "," Manual"," 3.99 Lakh","Honda Amaze S Petrol"
"2021","39000 kms "," Petrol "," Automatic"," 13.45 Lakh","Honda City i-VTEC CVT VX"
"2015","100000 kms "," Diesel "," Manual"," 6.20 Lakh","Honda City i DTEC VX Opti"
"2008","39460 kms "," Petrol "," Manual"," 80,000","Honda Civic 1.8 S MT"
"2007","67811 kms "," Petrol "," Manual"," 2.08 Lakh","Honda Civic 1.8 V MT"
"2015","65041 kms "," Petrol "," Manual"," 4.09 Lakh","Honda Amaze S i-Vtech"
"2015","60130 kms "," Diesel "," Manual"," 4.80 Lakh","Honda Amaze VX i-DTEC"
"2017","38000 kms "," Petrol "," Manual"," 7.25 Lakh","Honda City i VTEC V"
"2015","95430 kms "," Petrol "," Manual"," 5 Lakh","Honda City i VTEC VX"
"2014","60000 kms "," Petrol "," Manual"," 4.35 Lakh","Honda Amaze S i-Vtech"
"2016","60000 kms "," Petrol "," Manual"," 4.59 Lakh","Honda Amaze E i-Vtech"
"2018","80000 kms "," Petrol "," Automatic"," 9 Lakh","Honda City i-VTEC CVT VX"
"2019","42240 kms "," Diesel "," Manual"," 8 Lakh","Honda City i-DTEC V"
"2014","166563 kms "," Diesel "," Manual"," 4 Lakh","Honda City i DTEC VX"
"2014","168039 kms "," Diesel "," Manual"," 5.85 Lakh","Honda Mobilio RS i-DTEC"
"2015","112403 kms "," Diesel "," Manual"," 3 Lakh","Honda Amaze S i-Dtech"
"2017","32422 kms "," Petrol "," Automatic"," 8.50 Lakh","Honda City i-VTEC CVT V"
"2014","115181 kms "," Diesel "," Manual"," 5.27 Lakh","Honda Mobilio S i-DTEC"
"2014","88385 kms "," Diesel "," Manual"," 5.50 Lakh","Honda City i DTEC V"
"2013","32654 kms "," Petrol "," Manual"," 3.25 Lakh","Honda Brio S MT"
"2019","35000 kms "," Petrol "," Manual"," 7.95 Lakh","Honda BR-V i-VTEC VX MT"
"2014","30692 kms "," Petrol "," Manual"," 3.95 Lakh","Honda Amaze E i-Vtech"
"2016","52000 kms "," Petrol "," Manual"," 7 Lakh","Honda City i VTEC V"
"2014","115068 kms "," Petrol "," Automatic"," 5.50 Lakh","Honda City i VTEC CVT VX"
"2009","90000 kms "," Petrol "," Manual"," 3 Lakh","Honda City S"
"2015","50500 kms "," Petrol "," Manual"," 6.49 Lakh","Honda City i VTEC VX"
"2017","74000 kms "," Diesel "," Manual"," 8.25 Lakh","Honda City i DTec V"
"2015","49848 kms "," Petrol "," Manual"," 6.50 Lakh","Honda City i VTEC V"
"2019","12494 kms "," Petrol "," Manual"," 6 Lakh","Honda Amaze V Petrol BSIV"
"2015","29822 kms "," Petrol "," Manual"," 5 Lakh","Honda Amaze SX i-VTEC"
"2017","57253 kms "," Petrol "," Manual"," 3.20 Lakh","Honda Brio 1.2 S MT"
"2016","43977 kms "," Petrol "," Manual"," 6.24 Lakh","Honda City i VTEC V"
"2010","82000 kms "," Petrol "," Manual"," 3.51 Lakh","Honda Accord 2.4 M/T"
"2017","30000 kms "," Petrol "," Automatic"," 5 Lakh","Honda Amaze S CVT i-VTEC"
"2011","68000 kms "," Petrol "," Automatic"," 3.10 Lakh","Honda Civic 1.8 V AT Insp"
"2008","104000 kms "," Petrol "," Manual"," 1.80 Lakh","Honda City GXi"
"2010","100000 kms "," Petrol "," Manual"," 4 Lakh","Honda Accord 2.4 MT"
"2016","50000 kms "," Petrol "," Manual"," 6 Lakh","Honda City i VTEC SV"
"2016","83797 kms "," Petrol "," Automatic"," 7.50 Lakh","Honda City i VTEC CVT VX"
"2009","131773 kms "," Petrol "," Manual"," 1.50 Lakh","Honda Civic 1.8 (E) MT"
"2011","82542 kms "," Petrol "," Manual"," 3.01 Lakh","Honda City 1.5 S MT"
"2013","170137 kms "," Diesel "," Manual"," 2.80 Lakh","Honda Amaze VX i-DTEC"
"2014","8696 kms "," Petrol "," Manual"," 4 Lakh","Honda Mobilio V i-VTEC"
"2014","79303 kms "," Diesel "," Manual"," 2 Lakh","Honda Amaze EX i-Dtech"
"2014","22377 kms "," Petrol "," Manual"," 6 Lakh","Honda City i VTEC SV"
"2011","71199 kms "," Petrol "," Manual"," 2.85 Lakh","Honda City S"
"2009","78216 kms "," Petrol "," Manual"," 1 Lakh","Honda Jazz Basic"
"2013","93430 kms "," Petrol "," Manual"," 4 Lakh","Honda City S"
"2005","106719 kms "," Petrol "," Manual"," 1.25 Lakh","Honda City EXi"
"2012","74634 kms "," Petrol "," Manual"," 3.85 Lakh","Honda City Corporate Edit"
"2015","32495 kms "," Diesel "," Manual"," 6.09 Lakh","Honda Jazz 1.5 VX i DTEC"
"2016","40831 kms "," Petrol "," Manual"," 4.50 Lakh","Honda Amaze S i-VTEC"
"2017","22735 kms "," Petrol "," Manual"," 7.15 Lakh","Honda City i VTEC SV"
"2014","138942 kms "," Petrol "," Manual"," 2.50 Lakh","Honda Amaze S i-Vtech"
"2009","114846 kms "," Petrol "," Manual"," 1.30 Lakh","Honda City 1.5 S MT"
"2010","235702 kms "," Petrol "," Manual"," 2.72 Lakh","Honda Jazz Basic"
"2020","52771 kms "," Petrol "," Automatic"," 5.85 Lakh","Honda Amaze S CVT Petrol "
"2018","29000 kms "," Petrol "," Automatic"," 7.80 Lakh","Honda Amaze V CVT Petrol"
"2019","32000 kms "," Petrol "," Automatic"," 9.90 Lakh","Honda City i-VTEC CVT VX"
"2017","62000 kms "," Petrol "," Automatic"," 6.90 Lakh","Honda BR-V i-VTEC V CVT"
"2016","62157 kms "," Petrol "," Automatic"," 12.95 Lakh","Honda CR-V 2.0L 2WD AT"
"2008","114502 kms "," Petrol "," Manual"," 1 Lakh","Honda Civic 1.8 V MT"
"2016","16000 kms "," Petrol "," Manual"," 4.65 Lakh","Honda Brio VX"
"2014","55000 kms "," Petrol "," Manual"," 5.25 Lakh","Honda City i VTEC S"
"2018","56069 kms "," Diesel "," Manual"," 6.10 Lakh","Honda Amaze VX i DTEC"
"2014","80000 kms "," Petrol "," Manual"," 7.51 Lakh","Honda CR-V 2.0L 2WD MT"
"2015","50000 kms "," Diesel "," Manual"," 5.55 Lakh","Honda City i DTEC S"
"2015","49970 kms "," Diesel "," Manual"," 6.50 Lakh","Honda City i DTEC VX"
"2016","16300 kms "," Petrol "," Automatic"," 6 Lakh","Honda City i VTEC CVT SV"
"2009","130135 kms "," Petrol "," Automatic"," 2.50 Lakh","Honda City 1.5 S AT"
"2015","30833 kms "," Petrol "," Manual"," 5 Lakh","Honda Mobilio V Option i-"
"2016","42000 kms "," Petrol "," Manual"," 3.65 Lakh","Honda Jazz 1.2 S i VTEC"
"2018","40000 kms "," Diesel "," Manual"," 7.15 Lakh","Honda WR-V i-DTEC VX"
"2007","80000 kms "," Petrol "," Manual"," 1.50 Lakh","Honda City GXi"
"2010","56000 kms "," Petrol "," Manual"," 2.45 Lakh","Honda City 1.5 S MT"
"2010","40000 kms "," Petrol "," Automatic"," 4 Lakh","Honda Civic 1.8 V AT"
"2022","3500 kms "," Petrol "," Manual"," 11.25 Lakh","Honda City V MT"
"2015","107252 kms "," Diesel "," Manual"," 2.90 Lakh","Honda Amaze S i-Dtech"
"2016","43987 kms "," Petrol "," Manual"," 3.92 Lakh","Honda Amaze S i-Vtech"
"2022","2758 kms "," Petrol "," Manual"," 7 Lakh","Honda Amaze S"
"2009","149155 kms "," Petrol "," Manual"," 3.09 Lakh","Honda City 1.5 S MT"
"2014","90962 kms "," Diesel "," Manual"," 3.50 Lakh","Honda Mobilio V i-DTEC"
"2021","12313 kms "," Petrol "," Automatic"," 9.32 Lakh","Honda Amaze VX CVT Petrol"
"2006","84002 kms "," Petrol "," Manual"," 1.50 Lakh","Honda City GXi"
"2013","55164 kms "," Petrol "," Manual"," 2.75 Lakh","Honda Amaze VX i-Vtech"
"2016","38260 kms "," Petrol "," Automatic"," 6.50 Lakh","Honda Jazz 1.2 V AT i VTE"
"2018","44255 kms "," Diesel "," Manual"," 6.20 Lakh","Honda WR-V i-DTEC VX"
"2014","37950 kms "," Petrol "," Manual"," 4.15 Lakh","Honda City i VTEC SV"
"2015","96395 kms "," Diesel "," Manual"," 4 Lakh","Honda City i DTEC V"
"2013","43693 kms "," Petrol "," Manual"," 2.25 Lakh","Honda Brio S MT"
"2009","95515 kms "," Petrol "," Manual"," 3 Lakh","Honda City 1.5 E MT"
"2017","25550 kms "," Petrol "," Automatic"," 8 Lakh","Honda City i-VTEC CVT ZX"
"2021","6605 kms "," Petrol "," Manual"," 10 Lakh","Honda City V MT"
"2014","84504 kms "," Diesel "," Manual"," 3 Lakh","Honda Mobilio S i-DTEC"
"2014","74884 kms "," Diesel "," Manual"," 3.50 Lakh","Honda Amaze S i-Dtech"
"2019","16549 kms "," Petrol "," Automatic"," 9 Lakh","Honda BR-V i-VTEC V CVT"
"2009","116146 kms "," Petrol "," Manual"," 2 Lakh","Honda City 1.5 V MT"
"2010","57788 kms "," Petrol "," Manual"," 1.30 Lakh","Honda Jazz Basic"
"2016","73147 kms "," Petrol "," Manual"," 5 Lakh","Honda City i VTEC SV"
"2014","16802 kms "," Petrol "," Manual"," 5 Lakh","Honda City i VTEC VX"
"2014","66411 kms "," Diesel "," Manual"," 7 Lakh","Honda City i DTEC VX"
"2015","31111 kms "," Petrol "," Manual"," 4 Lakh","Honda Amaze S i-Vtech"
"2021","7909 kms "," Petrol "," Manual"," 7 Lakh","Honda Amaze S"
"2020","5512 kms "," Petrol "," Automatic"," 14.45 Lakh","Honda City ZX CVT"
"2022","15500 kms "," Petrol "," Manual"," 13.80 Lakh","Honda City ZX MT"
"2016","52500 kms "," Petrol "," Manual"," 5.65 Lakh","Honda Jazz 1.2 VX i VTEC"
"2014","134397 kms "," Diesel "," Manual"," 5.75 Lakh","Honda City i DTEC V"
"2009","92128 kms "," Petrol "," Manual"," 1.78 Lakh","Honda City 1.5 S MT"
"2014","148000 kms "," Diesel "," Manual"," 3.50 Lakh","Honda Amaze VX O iDTEC"
"2014","85105 kms "," Petrol "," Automatic"," 9 Lakh","Honda CR-V 2.4L 4WD AT"
"2014","104790 kms "," Diesel "," Manual"," 4 Lakh","Honda City i DTEC SV"
"2018","64000 kms "," Petrol "," Automatic"," 7.75 Lakh","Honda Jazz 1.2 V AT i VTE"
"2007","127220 kms "," Petrol "," Manual"," 1.85 Lakh","Honda City EXi"
"2018","33694 kms "," Diesel "," Manual"," 6.49 Lakh","Honda Amaze V Diesel"
"2014","110481 kms "," Diesel "," Manual"," 5 Lakh","Honda City i DTEC E"
"2011","33893 kms "," Petrol "," Manual"," 3 Lakh","Honda Civic 1.8 V MT"
"2022","20000 kms "," Petrol "," Automatic"," 8.15 Lakh","Honda Amaze S CVT"
"2016","39000 kms "," Diesel "," Manual"," 6.10 Lakh","Honda City i DTEC V"
"2015","71000 kms "," Petrol "," Manual"," 4.75 Lakh","Honda Jazz V"
"2012","120088 kms "," Petrol "," Manual"," 3.25 Lakh","Honda City V MT"
"2013","74680 kms "," Petrol "," Manual"," 3.62 Lakh","Honda City S"
"2013","43500 kms "," Petrol "," Manual"," 4.21 Lakh","Honda City S"
"2014","68978 kms "," Diesel "," Manual"," 2.80 Lakh","Honda Amaze S i-Dtech"
"2019","23561 kms "," Diesel "," Manual"," 11 Lakh","Honda BR-V i-DTEC V MT"
"2012","145956 kms "," Petrol "," Automatic"," 3.65 Lakh","Honda City 1.5 V AT Sunro"
"2015","105773 kms "," Diesel "," Manual"," 3.50 Lakh","Honda City i DTEC SV"
"2022","15000 kms "," Petrol "," Automatic"," 8 Lakh","Honda Amaze S CVT"
"2010","70000 kms "," Petrol "," Manual"," 2 Lakh","Honda Civic 1.8 S MT"
"2017","51920 kms "," Petrol "," Manual"," 7.10 Lakh","Honda City i-VTEC VX"
"2010","50965 kms "," Petrol "," Manual"," 2.50 Lakh","Honda City 1.5 S MT"
"2013","63525 kms "," Petrol "," Automatic"," 4 Lakh","Honda City 1.5 S AT"
"2019","110785 kms "," Petrol "," Manual"," 5.50 Lakh","Honda Amaze S Petrol BSIV"
"2022","5362 kms "," Petrol "," Automatic"," 10 Lakh","Honda Amaze VX CVT"
"2015","47441 kms "," Petrol "," Manual"," 5.50 Lakh","Honda City i VTEC V"
"2014","149990 kms "," Diesel "," Manual"," 2.75 Lakh","Honda City i DTEC SV"
"2016","41163 kms "," Diesel "," Manual"," 6.50 Lakh","Honda BR-V i-DTEC V MT"
"2010","26900 kms "," Petrol "," Manual"," 3 Lakh","Honda City 1.5 S MT"
"2015","100000 kms "," Diesel "," Manual"," 6.85 Lakh","Honda City i DTEC V"
"2011","107403 kms "," Petrol "," Manual"," 3.10 Lakh","Honda Civic 1.8 S MT"
"2008","70000 kms "," Petrol "," Manual"," 1.25 Lakh","Honda City GXi"
"2014","41052 kms "," Petrol "," Manual"," 2.65 Lakh","Honda Brio S MT"
"2015","126637 kms "," Petrol "," Manual"," 3 Lakh","Honda Amaze S i-Vtech"
"2011","76140 kms "," Petrol "," Manual"," 4.25 Lakh","Honda Jazz X"
"2021","38352 kms "," Petrol "," Manual"," 7.85 Lakh","Honda Amaze VX Petrol"
"2021","38352 kms "," Petrol "," Manual"," 7.85 Lakh","Honda Amaze VX Petrol"
"2020","12487 kms "," Petrol "," Manual"," 13.45 Lakh","Honda City i-VTEC S"
"2013","28000 kms "," Petrol "," Manual"," 4.60 Lakh","Honda City i VTEC S"
"2017","31000 kms "," Diesel "," Manual"," 9.75 Lakh","Honda City i-DTEC ZX"
"2020","60714 kms "," Petrol "," Manual"," 6.90 Lakh","Honda Amaze S Petrol"
"2013","136323 kms "," Diesel "," Manual"," 3 Lakh","Honda Amaze EX i-Dtech"
"2016","25314 kms "," Petrol "," Manual"," 7.55 Lakh","Honda City i VTEC VX"
"2020","26504 kms "," Petrol "," Manual"," 5.87 Lakh","Honda Amaze S Petrol"
"2014","85533 kms "," Diesel "," Manual"," 3.09 Lakh","Honda City i DTEC SV"
"2015","47438 kms "," Diesel "," Manual"," 4.85 Lakh","Honda City i DTEC V"
"2014","47000 kms "," Petrol "," Manual"," 5.55 Lakh","Honda City i VTEC V"
"2013","54341 kms "," Petrol "," Automatic"," 6.27 Lakh","Honda City V AT"
"2015","80000 kms "," Diesel "," Manual"," 4.50 Lakh","Honda Mobilio RS i-DTEC"
"2015","40000 kms "," Petrol "," Automatic"," 5.50 Lakh","Honda City i VTEC CVT VX"
"2015","85000 kms "," Diesel "," Manual"," 4.95 Lakh","Honda Mobilio E i-DTEC"
"2015","55331 kms "," Petrol "," Manual"," 5.90 Lakh","Honda City i VTEC SV"
"2016","80815 kms "," Petrol "," Manual"," 6.80 Lakh","Honda City i VTEC VX"
"2010","80910 kms "," Petrol "," Manual"," 1.65 Lakh","Honda Civic 1.8 V MT"
"2012","51902 kms "," Petrol "," Manual"," 3 Lakh","Honda City S"
"2017","42000 kms "," Petrol "," Manual"," 4.80 Lakh","Honda Jazz 1.2 SV i VTEC"
"2009","82000 kms "," Petrol "," Manual"," 2.85 Lakh","Honda City 1.5 S MT"
"2009","45000 kms "," Petrol "," Manual"," 2.25 Lakh","Honda Jazz Basic"
"2013","61000 kms "," Petrol "," Manual"," 3.90 Lakh","Honda City i VTEC V"
"2020","32093 kms "," Petrol "," Manual"," 5.60 Lakh","Honda Amaze S Petrol"
"2009","97241 kms "," Petrol "," Automatic"," 7.50 Lakh","Honda Accord 2.4 AT"
"2012","135435 kms "," Petrol "," Manual"," 4 Lakh","Honda City V MT"
"2018","53955 kms "," Diesel "," Automatic"," 6.75 Lakh","Honda Amaze V CVT Diesel "
"2012","72903 kms "," Petrol "," Automatic"," 5 Lakh","Honda City 1.5 V AT Sunro"
"2010","41510 kms "," Petrol "," Manual"," 3 Lakh","Honda Civic 1.8 V MT"
"2009","87163 kms "," Petrol "," Manual"," 1 Lakh","Honda City 1.5 S MT"
"2017","20619 kms "," Petrol "," Manual"," 6 Lakh","Honda WR-V i-VTEC VX"
"2015","19673 kms "," Petrol "," Manual"," 3.50 Lakh","Honda Amaze S i-Vtech"
"2015","53560 kms "," Petrol "," Automatic"," 3 Lakh","Honda Brio VX AT"
"2008","106485 kms "," Petrol "," Manual"," 3 Lakh","Honda City 1.5 S MT"
"2012","47217 kms "," Petrol "," Manual"," 2.20 Lakh","Honda Brio S MT"
"2007","130000 kms "," Petrol "," Automatic"," 2 Lakh","Honda Accord VTi-L (AT)"
"2019","87000 kms "," Petrol "," Manual"," 6.50 Lakh","Honda Amaze S Petrol BSIV"
"2017","53000 kms "," Petrol "," Manual"," 6.40 Lakh","Honda City i VTEC V"
"2009","64533 kms "," Petrol "," Automatic"," 4.50 Lakh","Honda Accord 2.4 AT"
"2014","91000 kms "," Diesel "," Manual"," 5.30 Lakh","Honda City i DTEC V"
"2021","103000 kms "," Petrol "," Manual"," 9.75 Lakh","Honda City V MT"
"2021","10000 kms "," Petrol "," Manual"," 12.55 Lakh","Honda City VX MT"
"2013","113924 kms "," Diesel "," Manual"," 3 Lakh","Honda Amaze S i-Dtech"
"2009","95000 kms "," Petrol "," Manual"," 2.95 Lakh","Honda City 1.5 E MT"
"2009","128853 kms "," Petrol "," Manual"," 3 Lakh","Honda Civic 1.8 (E) MT"
"2015","125000 kms "," Diesel "," Manual"," 6 Lakh","Honda City i DTEC VX"
"2014","92509 kms "," Diesel "," Manual"," 5 Lakh","Honda City i DTEC VX"
"2012","55467 kms "," Petrol "," Automatic"," 3.95 Lakh","Honda City V AT"
"2016","59010 kms "," Petrol "," Automatic"," 7.80 Lakh","Honda City i VTEC CVT VX"
"2015","57449 kms "," Petrol "," Automatic"," 5.75 Lakh","Honda City i VTEC CVT SV"
"2016","61221 kms "," Petrol "," Automatic"," 8 Lakh","Honda City i VTEC CVT VX"
"2012","48000 kms "," Petrol "," Manual"," 2.75 Lakh","Honda Brio S MT"
"2016","43000 kms "," Petrol "," Manual"," 5.30 Lakh","Honda Jazz 1.2 V i VTEC"
"2014","35200 kms "," Petrol "," Manual"," 3.70 Lakh","Honda Amaze S i-Vtech"
"2010","91744 kms "," Petrol "," Manual"," 2.30 Lakh","Honda City 1.5 S MT"
"2012","73453 kms "," Petrol "," Manual"," 2.25 Lakh","Honda Brio V MT"
"2010","90000 kms "," Petrol "," Automatic"," 2.30 Lakh","Honda City V AT"
"2013","71644 kms "," Petrol "," Manual"," 5 Lakh","Honda Amaze S i-Vtech"
"2012","70000 kms "," Petrol "," Manual"," 3.50 Lakh","Honda Jazz S"
"2016","36000 kms "," Petrol "," Manual"," 6.31 Lakh","Honda City i VTEC SV"
"2007","119515 kms "," Petrol "," Manual"," 1.50 Lakh","Honda City VTEC"
"2014","41576 kms "," Diesel "," Manual"," 4.50 Lakh","Honda City i DTEC SV"
"2020","35000 kms "," Petrol "," Manual"," 12.95 Lakh","Honda City ZX MT"
"2015","36000 kms "," Petrol "," Manual"," 4 Lakh","Honda Jazz 1.2 S i VTEC"
"2015","121940 kms "," Diesel "," Manual"," 2.95 Lakh","Honda Amaze S i-Dtech"
"2017","24779 kms "," Petrol "," Automatic"," 5.50 Lakh","Honda Jazz 1.2 V AT i VTE"
"2009","118383 kms "," Petrol "," Manual"," 1.20 Lakh","Honda Jazz S"
"2007","120000 kms "," Petrol "," Manual"," 85,000","Honda City VTEC"
"2022","5132 kms "," Petrol "," Automatic"," 8.50 Lakh","Honda Amaze VX CVT"
"2020","21795 kms "," Petrol "," Manual"," 6.30 Lakh","Honda Amaze S Petrol"
"2015","100818 kms "," Diesel "," Manual"," 4.50 Lakh","Honda City i DTEC E"
"2014","91332 kms "," Diesel "," Manual"," 2.30 Lakh","Honda Amaze S i-Dtech"
"2017","47258 kms "," Petrol "," Automatic"," 8.50 Lakh","Honda City i-VTEC CVT ZX"
"2009","95409 kms "," Petrol "," Manual"," 2.50 Lakh","Honda City 1.5 V MT"
"2009","43489 kms "," Petrol "," Manual"," 2 Lakh","Honda City 1.5 S MT"
"2017","71359 kms "," Petrol "," Manual"," 7 Lakh","Honda BR-V i-VTEC V MT"
"2010","87362 kms "," Petrol "," Manual"," 2 Lakh","Honda City 1.5 V MT"
"2008","80000 kms "," Petrol "," Manual"," 2 Lakh","Honda Civic 1.8 V MT"
"2014","79000 kms "," Petrol "," Automatic"," 7.99 Lakh","Honda CR-V 2.4L 4WD AT AV"
"2017","40000 kms "," Diesel "," Manual"," 4.90 Lakh","Honda Amaze S Option i-DT"
"2014","43000 kms "," Petrol "," Manual"," 5.25 Lakh","Honda City i VTEC SV"
"2000","80000 kms "," Petrol "," Manual"," 1.70 Lakh","Honda City 1.3 DX"
"2007","196000 kms "," Petrol "," Manual"," 1.80 Lakh","Honda Civic 1.8 (E) MT"
"2016","46000 kms "," Petrol "," Automatic"," 5.95 Lakh","Honda Amaze V CVT Petrol "
"2021","11000 kms "," Petrol "," Automatic"," 13.40 Lakh","Honda City V CVT"
"2014","78000 kms "," Diesel "," Manual"," 6.25 Lakh","Honda Mobilio RS Option i"
"2019","30000 kms "," Petrol "," Manual"," 6.99 Lakh","Honda Amaze S i-VTEC"
"2018","54000 kms "," Diesel "," Manual"," 8.25 Lakh","Honda WR-V i-DTEC VX"
"2016","110000 kms "," Diesel "," Manual"," 5.15 Lakh","Honda Jazz 1.5 V i DTEC"
"2014","90000 kms "," Diesel "," Manual"," 4.45 Lakh","Honda City i DTEC VX"
"2019","30000 kms "," Petrol "," Automatic"," 8.65 Lakh","Honda Jazz VX CVT"
"2012","70000 kms "," Petrol "," Manual"," 2.90 Lakh","Honda Jazz Basic"
"2014","80000 kms "," Diesel "," Manual"," 4.60 Lakh","Honda Amaze S i-Dtech"
"2005","110000 kms "," Petrol "," Manual"," 60,000","Honda City 1.5 GXI"
"2006","90000 kms "," Petrol "," Manual"," 1.40 Lakh","Honda City GXi"
"2014","110000 kms "," Diesel "," Manual"," 5.30 Lakh","Honda City i DTEC VX"
"2012","62500 kms "," Petrol "," Automatic"," 3.50 Lakh","Honda City 1.5 S AT"
"2014","42000 kms "," Petrol "," Manual"," 4.95 Lakh","Honda Mobilio V i-VTEC"
"2017","120000 kms "," Diesel "," Manual"," 3 Lakh","Honda Amaze E Option i-DT"
"2019","120000 kms "," Diesel "," Manual"," 6 Lakh","Honda Amaze Exclusive Die"
"2017","58646 kms "," Petrol "," Automatic"," 7.49 Lakh","Honda BR-V i-VTEC V CVT"
"2014","50000 kms "," Petrol "," Manual"," 3.75 Lakh","Honda City i VTEC SV"
"2019","40000 kms "," Petrol "," Manual"," 5.50 Lakh","Honda Jazz VX"
"2017","52000 kms "," Petrol "," Manual"," 6.10 Lakh","Honda Jazz V"
"2016","45000 kms "," Petrol "," Manual"," 4.10 Lakh","Honda Brio 1.2 S MT"
"2019","40000 kms "," Diesel "," Manual"," 10.90 Lakh","Honda City i-DTEC VX"
"2016","70000 kms "," Diesel "," Manual"," 5.70 Lakh","Honda Amaze S Diesel"
"2016","40001 kms "," Petrol "," Automatic"," 6.25 Lakh","Honda Jazz V CVT"
"2012","90000 kms "," Petrol "," Manual"," 4.30 Lakh","Honda City V MT"
"2019","30000 kms "," Petrol "," Manual"," 7.50 Lakh","Honda WR-V i-VTEC VX"
"2018","90000 kms "," Diesel "," Manual"," 7.50 Lakh","Honda Amaze VX i DTEC"
"2018","60000 kms "," Petrol "," Manual"," 5.50 Lakh","Honda Jazz 1.2 S i VTEC"
"2014","85269 kms "," Petrol "," Manual"," 3 Lakh","Honda Brio S MT"
"2010","105248 kms "," Petrol "," Manual"," 3 Lakh","Honda City 1.5 S MT"
"2018","33412 kms "," Petrol "," Manual"," 8.40 Lakh","Honda City i-VTEC V"
"2019","30258 kms "," Petrol "," Manual"," 9.50 Lakh","Honda City V MT"
"2009","67300 kms "," Petrol "," Automatic"," 2.35 Lakh","Honda City 1.5 S AT"
"2018","87482 kms "," Diesel "," Manual"," 7.50 Lakh","Honda WR-V i-DTEC S"
"2017","76858 kms "," Petrol "," Manual"," 4.90 Lakh","Honda Jazz 1.2 S i VTEC"
"2022","8700 kms "," Petrol "," Manual"," 14 Lakh","Honda City ZX MT"
"2012","34391 kms "," Petrol "," Manual"," 3.90 Lakh","Honda Jazz 1.2 S i VTEC"
"2016","46000 kms "," Petrol "," Manual"," 5 Lakh","Honda Amaze VX i-VTEC"
"2020","10000 kms "," Petrol "," Manual"," 6.50 Lakh","Honda Amaze S Petrol"
"2019","79000 kms "," Diesel "," Manual"," 17.20 Lakh","Honda Civic VX Diesel"
"2010","77000 kms "," Petrol "," Manual"," 3.25 Lakh","Honda City 1.5 V MT"
"2014","80000 kms "," Diesel "," Manual"," 5 Lakh","Honda City i DTEC SV"
"2018","70000 kms "," Diesel "," Manual"," 7.50 Lakh","Honda WR-V i-DTEC VX"
"2015","45093 kms "," Petrol "," Manual"," 5.75 Lakh","Honda Jazz 1.2 V i VTEC"
"2009","78000 kms "," Petrol "," Manual"," 2.49 Lakh","Honda City 1.5 S MT"
"2015","53217 kms "," Petrol "," Manual"," 4.95 Lakh","Honda Jazz 1.2 V i VTEC"
"2015","1100000 kms "," Petrol "," Automatic"," 10.75 Lakh","Honda CR-V Petrol 2WD"
"2018","21000 kms "," Petrol "," Manual"," 6.95 Lakh","Honda WR-V Edge Edition i"
"2018","28000 kms "," Petrol "," Manual"," 8.25 Lakh","Honda WR-V i-VTEC VX"
"2017","21000 kms "," Petrol "," Manual"," 4.99 Lakh","Honda Amaze S i-VTEC"
"2015","75000 kms "," Petrol "," Manual"," 5.25 Lakh","Honda City i VTEC SV"
"2018","43800 kms "," Petrol "," Manual"," 7.45 Lakh","Honda WR-V i-VTEC VX"
"2015","60000 kms "," Petrol "," Manual"," 4.60 Lakh","Honda Brio S MT"
"2015","96409 kms "," Petrol "," Automatic"," 5.90 Lakh","Honda City i VTEC CVT SV"
"2009","60000 kms "," Petrol "," Manual"," 1.70 Lakh","Honda City 1.5 V MT"
"2017","50000 kms "," Diesel "," Manual"," 7.50 Lakh","Honda WR-V i-DTEC VX"
"2014","82410 kms "," Diesel "," Manual"," 6.60 Lakh","Honda City i DTEC S"
"2017","68011 kms "," Petrol "," Automatic"," 7 Lakh","Honda Jazz 1.2 V AT i VTE"
"2016","33000 kms "," Petrol "," Manual"," 4.95 Lakh","Honda Jazz 1.2 VX i VTEC"
"2014","142000 kms "," Diesel "," Manual"," 7.15 Lakh","Honda City i DTEC VX"
"2018","53416 kms "," Petrol "," Manual"," 7.95 Lakh","Honda City i-VTEC V"
"2015","74030 kms "," Petrol "," Manual"," 7.50 Lakh","Honda City VX MT"
"2014","120000 kms "," Diesel "," Manual"," 4.50 Lakh","Honda Mobilio V i-DTEC"
"2018","45915 kms "," Petrol "," Automatic"," 6.25 Lakh","Honda Jazz VX CVT"
"2012","80000 kms "," Petrol "," Manual"," 3 Lakh","Honda City E"
"2016","170000 kms "," Petrol "," Manual"," 5.25 Lakh","Honda Jazz 1.2 SV i VTEC"
"2019","30000 kms "," Diesel "," Manual"," 6.50 Lakh","Honda Amaze S Diesel BSIV"
"2010","50000 kms "," Petrol "," Manual"," 3.50 Lakh","Honda City 1.5 V MT"
"2017","15711 kms "," Petrol "," Manual"," 6.25 Lakh","Honda Mobilio V i-VTEC"
"2017","17000 kms "," Petrol "," Manual"," 5.75 Lakh","Honda Amaze S i-VTEC"
"2015","66795 kms "," Petrol "," Automatic"," 6.49 Lakh","Honda City i VTEC CVT VX"
"2016","68000 kms "," Petrol "," Manual"," 4.40 Lakh","Honda Brio V MT"
"2016","67473 kms "," Petrol "," Automatic"," 5.95 Lakh","Honda Jazz 1.2 V AT i VTE"
"2009","83000 kms "," Petrol "," Manual"," 2.45 Lakh","Honda City 1.5 V MT"
"2008","80000 kms "," Petrol "," Manual"," 1.25 Lakh","Honda CR-V 2.0 2WD"
"2009","65000 kms "," Petrol "," Manual"," 1.75 Lakh","Honda City 1.5 S MT"
"2015","68000 kms "," Diesel "," Manual"," 5.30 Lakh","Honda City i DTEC V"
"2015","53000 kms "," Diesel "," Manual"," 3.30 Lakh","Honda Amaze S i-Dtech"
"2019","35000 kms "," Petrol "," Automatic"," 15 Lakh","Honda Civic VX BSIV"
"2016","58871 kms "," Petrol "," Automatic"," 7.80 Lakh","Honda City 1.5 GXI CVT"
"2015","55000 kms "," Petrol "," Automatic"," 5.90 Lakh","Honda City 1.5 GXI CVT"
"2016","50000 kms "," Diesel "," Manual"," 4.25 Lakh","Honda Jazz 1.5 V i DTEC"
"2018","54000 kms "," Petrol "," Automatic"," 6.80 Lakh","Honda Jazz V CVT"
"2021","60000 kms "," Diesel "," Manual"," 4.22 Lakh","Honda Amaze S Diesel"
"2017","40430 kms "," Petrol "," Automatic"," 6.25 Lakh","Honda Jazz V CVT"
"2016","53025 kms "," Petrol "," Automatic"," 7.45 Lakh","Honda City i VTEC CVT VX"
"2014","50857 kms "," Petrol "," Manual"," 5.25 Lakh","Honda City SV MT"
"2015","45112 kms "," Petrol "," Manual"," 6.90 Lakh","Honda City i VTEC V"
"2019","44984 kms "," Petrol "," Automatic"," 13.50 Lakh","Honda City ZX CVT"
"2010","60000 kms "," Petrol "," Manual"," 2.45 Lakh","Honda Accord 2.4 MT"
"2014","70000 kms "," Petrol "," Manual"," 3.20 Lakh","Honda Amaze VX i-Vtech"
"2014","70000 kms "," Diesel "," Manual"," 3 Lakh","Honda Amaze S i-Dtech"
"2012","70000 kms "," Petrol "," Manual"," 2.80 Lakh","Honda Jazz X"
"2014","117000 kms "," Petrol "," Manual"," 2.80 Lakh","Honda Amaze E i-Vtech"
"2021","33500 kms "," Petrol "," Automatic"," 12.50 Lakh","Honda City VX CVT"
"2015","120000 kms "," Diesel "," Manual"," 5 Lakh","Honda Mobilio RS i-DTEC"
"2007","80000 kms "," Petrol "," Manual"," 2.20 Lakh","Honda City VTEC"
"2014","58007 kms "," Petrol "," Manual"," 3.50 Lakh","Honda Amaze SX i-VTEC"
"2021","30000 kms "," Diesel "," Automatic"," 11.50 Lakh","Honda Amaze VX CVT Diesel"
"2015","61272 kms "," Petrol "," Manual"," 5.80 Lakh","Honda City V MT AVN"
"2016","88008 kms "," Petrol "," Manual"," 4.80 Lakh","Honda Amaze S Petrol"
"2011","79000 kms "," Petrol "," Automatic"," 3.50 Lakh","Honda City 1.5 V AT"
"2013","110000 kms "," Diesel "," Manual"," 2.30 Lakh","Honda Amaze EX i-Dtech"
"2014","120000 kms "," Diesel "," Manual"," 3.50 Lakh","Honda Mobilio V Option i-"
"2010","78352 kms "," Petrol "," Automatic"," 4.60 Lakh","Honda City 1.5 V AT"
"2018","90000 kms "," Diesel "," Manual"," 6.50 Lakh","Honda BR-V i-DTEC V MT"
"2019","17782 kms "," Petrol "," Manual"," 7 Lakh","Honda Jazz 1.2 VX i VTEC"
"2015","200000 kms "," Diesel "," Manual"," 3.50 Lakh","Honda Amaze S i-Dtech"
"2015","55590 kms "," Petrol "," Manual"," 4.10 Lakh","Honda Brio VX"
"2013","90000 kms "," Petrol "," Manual"," 5.50 Lakh","Honda City 1.5 V MT Sunro"
"2019","80000 kms "," Diesel "," Manual"," 10.10 Lakh","Honda WR-V i-DTEC VX"
"2015","50000 kms "," Petrol "," Automatic"," 4.65 Lakh","Honda Amaze VX AT i-Vtech"
"2013","90000 kms "," Petrol "," Manual"," 4 Lakh","Honda City S"
"2019","35000 kms "," Petrol "," Manual"," 6.28 Lakh","Honda Amaze S Petrol BSIV"
"2021","30000 kms "," Petrol "," Manual"," 9.50 Lakh","Honda WR-V VX"
"2015","70000 kms "," Diesel "," Manual"," 6.15 Lakh","Honda Jazz 1.5 VX i DTEC"
"2021","2000 kms "," Petrol "," Manual"," 6.50 Lakh","Honda Amaze S Petrol"
"2009","110000 kms "," Petrol "," Manual"," 1.25 Lakh","Honda City 1.5 E MT"
"2018","29500 kms "," Petrol "," Manual"," 6.50 Lakh","Honda Amaze VX i-VTEC"
"2020","27500 kms "," Petrol "," Automatic"," 8.75 Lakh","Honda Amaze Exclusive Edi"
"2008","92000 kms "," Petrol "," Manual"," 95,000","Honda City GXi"
"2006","40000 kms "," Petrol "," Automatic"," 4 Lakh","Honda Civic 1.8 S AT"
"2019","110000 kms "," Diesel "," Manual"," 9.15 Lakh","Honda WR-V i-DTEC VX"
"2020","20000 kms "," Petrol "," Manual"," 6.10 Lakh","Honda Amaze S Petrol"
"2018","21000 kms "," Petrol "," Automatic"," 10.25 Lakh","Honda City i-VTEC CVT ZX"
"2008","60000 kms "," Petrol "," Manual"," 1.20 Lakh","Honda City 1.5 E MT"
"2012","97320 kms "," Petrol "," Manual"," 3.63 Lakh","Honda City E"
"2012","79999 kms "," Petrol "," Manual"," 3.10 Lakh","Honda Brio S MT"
"2011","70000 kms "," Petrol "," Manual"," 3.60 Lakh","Honda City 1.5 E MT"
"2014","110000 kms "," Diesel "," Manual"," 3.50 Lakh","Honda City i DTEC SV"
"2017","35000 kms "," Petrol "," Automatic"," 9.35 Lakh","Honda City i-VTEC CVT ZX"
"2016","32000 kms "," Petrol "," Manual"," 7.25 Lakh","Honda City i VTEC V"
"2016","70000 kms "," Petrol "," Manual"," 3 Lakh","Honda Amaze EX i-Vtech"
"2021","70000 kms "," Diesel "," Manual"," 10 Lakh","Honda WR-V VX Diesel"
"2017","55203 kms "," Petrol "," Manual"," 7.45 Lakh","Honda City i-VTEC V"
"2010","50000 kms "," Petrol "," Manual"," 3 Lakh","Honda Accord 2.4 MT"
"2008","120000 kms "," Petrol "," Manual"," 1.60 Lakh","Honda City 1.5 E MT"
"2015","59900 kms "," Petrol "," Automatic"," 5.65 Lakh","Honda Jazz 1.2 V AT i VTE"
"2016","37000 kms "," Petrol "," Manual"," 6.95 Lakh","Honda City i VTEC VX Opti"
"2018","120000 kms "," Diesel "," Manual"," 9 Lakh","Honda City i-DTEC ZX"
"2010","100000 kms "," Petrol "," Manual"," 3 Lakh","Honda Accord 2.4 MT"
"2016","28000 kms "," Petrol "," Manual"," 4.70 Lakh","Honda Brio 1.2 VX MT"
"2017","30000 kms "," Petrol "," Manual"," 4.50 Lakh","Honda Amaze S i-VTEC"
"2008","80000 kms "," Petrol "," Manual"," 2 Lakh","Honda Civic 1.8 V MT"
"2016","35000 kms "," Diesel "," Manual"," 6.20 Lakh","Honda Jazz 1.5 VX i DTEC"
"2008","110000 kms "," Petrol "," Manual"," 1.25 Lakh","Honda Civic 1.8 V MT"
"2015","37326 kms "," Petrol "," Manual"," 5 Lakh","Honda Jazz 1.2 S i VTEC"
"2018","60000 kms "," Diesel "," Manual"," 9 Lakh","Honda City i-DTEC V"
"2007","110000 kms "," Petrol "," Manual"," 4.50 Lakh","Honda CR-V RVi MT"
"2016","50000 kms "," Petrol "," Automatic"," 7.80 Lakh","Honda City i VTEC CVT SV"
"2006","110000 kms "," Petrol "," Manual"," 1.80 Lakh","Honda City GXi"
"2017","16665 kms "," Petrol "," Automatic"," 11.50 Lakh","Honda City i-VTEC CVT VX"
"2013","110000 kms "," Diesel "," Manual"," 3.35 Lakh","Honda Amaze EX i-Dtech"
"2019","47297 kms "," Petrol "," Automatic"," 15 Lakh","Honda Civic ZX"
"2006","186719 kms "," Petrol "," Manual"," 90,000","Honda City GXi"
"2007","90000 kms "," Petrol "," Manual"," 1.22 Lakh","Honda Civic 1.8 V MT"
"2016","31500 kms "," Petrol "," Manual"," 4.25 Lakh","Honda Amaze S i-VTEC"
"2017","39735 kms "," Petrol "," Manual"," 5.10 Lakh","Honda Amaze S Petrol"
"2017","36000 kms "," Petrol "," Manual"," 6.10 Lakh","Honda City i VTEC S"
"2015","35341 kms "," Diesel "," Manual"," 3 Lakh","Honda Amaze S i-Dtech"
"2017","8602 kms "," Petrol "," Manual"," 7.25 Lakh","Honda City V MT AVN"
"2016","28000 kms "," Petrol "," Manual"," 4.70 Lakh","Honda Brio 1.2 VX MT"
"2017","30000 kms "," Petrol "," Manual"," 4.50 Lakh","Honda Amaze S i-VTEC"
"2008","80000 kms "," Petrol "," Manual"," 2 Lakh","Honda Civic 1.8 V MT"
"2016","35000 kms "," Diesel "," Manual"," 6.20 Lakh","Honda Jazz 1.5 VX i DTEC"
"2008","110000 kms "," Petrol "," Manual"," 1.25 Lakh","Honda Civic 1.8 V MT"
"2015","37326 kms "," Petrol "," Manual"," 5 Lakh","Honda Jazz 1.2 S i VTEC"
"2018","60000 kms "," Diesel "," Manual"," 9 Lakh","Honda City i-DTEC V"
"2007","110000 kms "," Petrol "," Manual"," 4.50 Lakh","Honda CR-V RVi MT"
"2016","50000 kms "," Petrol "," Automatic"," 7.80 Lakh","Honda City i VTEC CVT SV"
"2006","110000 kms "," Petrol "," Manual"," 1.80 Lakh","Honda City GXi"
"2017","16665 kms "," Petrol "," Automatic"," 11.50 Lakh","Honda City i-VTEC CVT VX"
"2013","110000 kms "," Diesel "," Manual"," 3.35 Lakh","Honda Amaze EX i-Dtech"
"2019","47297 kms "," Petrol "," Automatic"," 15 Lakh","Honda Civic ZX"
"2006","186719 kms "," Petrol "," Manual"," 90,000","Honda City GXi"
"2007","90000 kms "," Petrol "," Manual"," 1.22 Lakh","Honda Civic 1.8 V MT"
"2016","31500 kms "," Petrol "," Manual"," 4.25 Lakh","Honda Amaze S i-VTEC"
"2017","39735 kms "," Petrol "," Manual"," 5.10 Lakh","Honda Amaze S Petrol"
"2017","36000 kms "," Petrol "," Manual"," 6.10 Lakh","Honda City i VTEC S"
"2015","35341 kms "," Diesel "," Manual"," 3 Lakh","Honda Amaze S i-Dtech"
